2026-08-22 16:34:39,666|line:453| processing article 52571188
2026-08-22 16:34:40,139|line:938| ==================================================2026-08-23 00:34==================================================
2026-08-22 16:34:40,139|line:950| https://t.bilibili.com/635932563238551585
2026-08-22 16:34:40,139|line:952| 已有
2026-08-22 16:34:40,139|line:950| https://t.bilibili.com/1206313991144472598
2026-08-22 16:34:42,653|line:957| 官方 或 预约 OUT！
2026-08-22 16:34:42,653|line:950| https://t.bilibili.com/1228479905076871188
2026-08-22 16:34:45,078|line:957| 官方 或 预约 OUT！
2026-08-22 16:34:45,078|line:950| https://t.bilibili.com/1231258409574072323
2026-08-22 16:34:46,573|line:957| 官方 或 预约 OUT！
2026-08-22 16:34:46,574|line:950| https://t.bilibili.com/1238118086507233287
2026-08-22 16:34:47,982|line:957| 官方 或 预约 OUT！
2026-08-22 16:34:47,982|line:950| https://t.bilibili.com/1236626959819079681
2026-08-22 16:34:50,573|line:957| 官方 或 预约 OUT！
2026-08-22 16:34:50,573|line:950| https://t.bilibili.com/1237671564530417671
2026-08-22 16:34:51,983|line:957| 官方 或 预约 OUT！
2026-08-22 16:34:51,983|line:950| https://t.bilibili.com/1238125718723887174
2026-08-22 16:34:53,342|line:957| 官方 或 预约 OUT！
2026-08-22 16:34:53,342|line:950| https://t.bilibili.com/1238203023819276393
2026-08-22 16:34:54,722|line:957| 官方 或 预约 OUT！
2026-08-22 16:34:54,722|line:950| https://t.bilibili.com/1238005575600570385
2026-08-22 16:34:56,183|line:957| 官方 或 预约 OUT！
2026-08-22 16:34:56,183|line:950| https://t.bilibili.com/1236832366619525122
2026-08-22 16:34:57,610|line:957| 官方 或 预约 OUT！
2026-08-22 16:34:57,610|line:950| https://t.bilibili.com/1226779033568542728
2026-08-22 16:35:01,929|line:345| -352
2026-08-22 16:35:05,247|line:345| -352
2026-08-22 16:35:07,569|line:345| -352
2026-08-22 16:35:12,042|line:345| -352
2026-08-22 16:35:16,448|line:345| -352
2026-08-22 16:35:16,449|line:769| ('GET请求失败', 'https://api.bilibili.com/x/polymer/web-dynamic/v1/detail?timezone_offset=-480&id=1226779033568542728&features=itemOpusStyle')
2026-08-22 16:35:16,449|line:770| error line:751
2026-08-22 16:35:16,450|line:964| *#*#*#*#*#*#*#*#*#*原动态处理失败*#*#*#*#*#*#*#*#*#
2026-08-22 16:35:16,450|line:950| https://t.bilibili.com/1232002813333078049
2026-08-22 16:35:17,768|line:345| -352
2026-08-22 16:35:21,181|line:345| -352
2026-08-22 16:35:23,656|line:345| -352
2026-08-22 16:35:27,029|line:345| -352
2026-08-22 16:35:31,391|line:345| -352
2026-08-22 16:35:31,391|line:769| ('GET请求失败', 'https://api.bilibili.com/x/polymer/web-dynamic/v1/detail?timezone_offset=-480&id=1232002813333078049&features=itemOpusStyle')
2026-08-22 16:35:31,391|line:770| error line:751
2026-08-22 16:35:31,392|line:964| *#*#*#*#*#*#*#*#*#*原动态处理失败*#*#*#*#*#*#*#*#*#
2026-08-22 16:35:31,392|line:950| https://t.bilibili.com/1232157857353302022
2026-08-22 16:35:33,799|line:957| 官方 或 预约 OUT！
2026-08-22 16:35:33,800|line:950| https://t.bilibili.com/1228981827828449304
2026-08-22 16:35:37,211|line:345| -352
2026-08-22 16:35:39,580|line:345| -352
2026-08-22 16:35:43,953|line:345| -352
2026-08-22 16:35:48,276|line:345| -352
2026-08-22 16:35:52,655|line:345| -352
2026-08-22 16:35:52,656|line:769| ('GET请求失败', 'https://api.bilibili.com/x/polymer/web-dynamic/v1/detail?timezone_offset=-480&id=1228981827828449304&features=itemOpusStyle')
2026-08-22 16:35:52,656|line:770| error line:751
2026-08-22 16:35:52,656|line:964| *#*#*#*#*#*#*#*#*#*原动态处理失败*#*#*#*#*#*#*#*#*#
2026-08-22 16:35:52,656|line:950| https://t.bilibili.com/1235938450778095632
2026-08-22 16:35:55,010|line:345| -352
2026-08-22 16:35:58,431|line:345| -352
2026-08-22 16:35:59,740|line:345| -352
2026-08-22 16:36:01,195|line:345| -352
2026-08-22 16:36:02,529|line:345| -352
2026-08-22 16:36:02,530|line:769| ('GET请求失败', 'https://api.bilibili.com/x/polymer/web-dynamic/v1/detail?timezone_offset=-480&id=1235938450778095632&features=itemOpusStyle')
2026-08-22 16:36:02,530|line:770| error line:751
2026-08-22 16:36:02,530|line:964| *#*#*#*#*#*#*#*#*#*原动态处理失败*#*#*#*#*#*#*#*#*#
2026-08-22 16:36:02,531|line:950| https://t.bilibili.com/1235497800033107991
2026-08-22 16:36:05,841|line:345| -352
2026-08-22 16:36:07,232|line:345| -352
2026-08-22 16:36:10,534|line:345| -352
2026-08-22 16:36:11,858|line:345| -352
2026-08-22 16:36:13,195|line:345| -352
2026-08-22 16:36:13,196|line:769| ('GET请求失败', 'https://api.bilibili.com/x/polymer/web-dynamic/v1/detail?timezone_offset=-480&id=1235497800033107991&features=itemOpusStyle')
2026-08-22 16:36:13,196|line:770| error line:751
2026-08-22 16:36:13,196|line:964| *#*#*#*#*#*#*#*#*#*原动态处理失败*#*#*#*#*#*#*#*#*#
2026-08-22 16:36:13,197|line:950| https://t.bilibili.com/1235157428109049858
2026-08-22 16:36:14,515|line:345| -352
2026-08-22 16:36:16,835|line:345| -352
2026-08-22 16:36:20,181|line:345| -352
2026-08-22 16:36:23,599|line:345| -352
2026-08-22 16:36:27,937|line:345| -352
2026-08-22 16:36:27,938|line:769| ('GET请求失败', 'https://api.bilibili.com/x/polymer/web-dynamic/v1/detail?timezone_offset=-480&id=1235157428109049858&features=itemOpusStyle')
2026-08-22 16:36:27,938|line:770| error line:751
2026-08-22 16:36:27,938|line:964| *#*#*#*#*#*#*#*#*#*原动态处理失败*#*#*#*#*#*#*#*#*#
2026-08-22 16:36:27,939|line:950| https://t.bilibili.com/1237754749482172424
2026-08-22 16:36:30,257|line:345| -352
2026-08-22 16:36:34,574|line:345| -352
2026-08-22 16:36:38,025|line:345| -352
2026-08-22 16:36:40,407|line:345| -352
2026-08-22 16:36:41,742|line:345| -352
2026-08-22 16:36:41,742|line:769| ('GET请求失败', 'https://api.bilibili.com/x/polymer/web-dynamic/v1/detail?timezone_offset=-480&id=1237754749482172424&features=itemOpusStyle')
2026-08-22 16:36:41,742|line:770| error line:751
2026-08-22 16:36:41,743|line:964| *#*#*#*#*#*#*#*#*#*原动态处理失败*#*#*#*#*#*#*#*#*#
2026-08-22 16:36:41,743|line:950| https://t.bilibili.com/1238628197648564229
2026-08-22 16:36:41,743|line:952| 已有
2026-08-22 16:36:41,743|line:950| https://t.bilibili.com/1235602459747942409
2026-08-22 16:36:44,183|line:345| -352
2026-08-22 16:36:48,526|line:345| -352
2026-08-22 16:36:50,902|line:345| -352
2026-08-22 16:36:53,235|line:345| -352
2026-08-22 16:36:55,605|line:345| -352
2026-08-22 16:36:55,605|line:769| ('GET请求失败', 'https://api.bilibili.com/x/polymer/web-dynamic/v1/detail?timezone_offset=-480&id=1235602459747942409&features=itemOpusStyle')
2026-08-22 16:36:55,605|line:770| error line:751
2026-08-22 16:36:55,606|line:964| *#*#*#*#*#*#*#*#*#*原动态处理失败*#*#*#*#*#*#*#*#*#
2026-08-22 16:36:55,606|line:950| https://t.bilibili.com/1237135406577745928
2026-08-22 16:36:57,930|line:345| -352
2026-08-22 16:37:01,246|line:345| -352
2026-08-22 16:37:05,769|line:345| -352
2026-08-22 16:37:10,118|line:345| -352
2026-08-22 16:37:13,508|line:345| -352
2026-08-22 16:37:13,508|line:769| ('GET请求失败', 'https://api.bilibili.com/x/polymer/web-dynamic/v1/detail?timezone_offset=-480&id=1237135406577745928&features=itemOpusStyle')
2026-08-22 16:37:13,508|line:770| error line:751
2026-08-22 16:37:13,509|line:964| *#*#*#*#*#*#*#*#*#*原动态处理失败*#*#*#*#*#*#*#*#*#
2026-08-22 16:37:13,509|line:950| https://t.bilibili.com/1225602319919349764
2026-08-22 16:37:13,509|line:952| 已有
2026-08-22 16:37:13,509|line:950| https://t.bilibili.com/1238163140729896996
2026-08-22 16:37:13,509|line:952| 已有
2026-08-22 16:37:13,509|line:950| https://t.bilibili.com/1235246707656097798
2026-08-22 16:37:13,509|line:952| 已有
2026-08-22 16:37:13,510|line:950| https://t.bilibili.com/1238218893743357954
2026-08-22 16:37:14,827|line:345| -352
2026-08-22 16:37:19,138|line:345| -352
2026-08-22 16:37:20,450|line:345| -352
2026-08-22 16:37:21,792|line:345| -352
2026-08-22 16:37:26,134|line:345| -352
2026-08-22 16:37:26,134|line:769| ('GET请求失败', 'https://api.bilibili.com/x/polymer/web-dynamic/v1/detail?timezone_offset=-480&id=1238218893743357954&features=itemOpusStyle')
2026-08-22 16:37:26,134|line:770| error line:751
2026-08-22 16:37:26,135|line:964| *#*#*#*#*#*#*#*#*#*原动态处理失败*#*#*#*#*#*#*#*#*#
2026-08-22 16:37:26,135|line:950| https://t.bilibili.com/1238085341731094533
2026-08-22 16:37:26,135|line:952| 已有
2026-08-22 16:37:26,135|line:950| https://t.bilibili.com/1238081806975107110
2026-08-22 16:37:26,135|line:952| 已有
2026-08-22 16:37:26,135|line:950| https://t.bilibili.com/1233715148070322179
2026-08-22 16:37:27,478|line:345| -352
2026-08-22 16:37:31,804|line:345| -352
2026-08-22 16:37:33,150|line:345| -352
2026-08-22 16:37:35,492|line:345| -352
2026-08-22 16:37:38,893|line:345| -352
2026-08-22 16:37:38,894|line:769| ('GET请求失败', 'https://api.bilibili.com/x/polymer/web-dynamic/v1/detail?timezone_offset=-480&id=1233715148070322179&features=itemOpusStyle')
2026-08-22 16:37:38,894|line:770| error line:751
2026-08-22 16:37:38,895|line:964| *#*#*#*#*#*#*#*#*#*原动态处理失败*#*#*#*#*#*#*#*#*#
2026-08-22 16:37:38,895|line:950| https://t.bilibili.com/1238189142468198465
2026-08-22 16:37:38,895|line:952| 已有
2026-08-22 16:37:38,895|line:950| https://t.bilibili.com/1235613613826244624
2026-08-22 16:37:41,216|line:345| -352
2026-08-22 16:37:42,565|line:345| -352
2026-08-22 16:37:46,879|line:345| -352
2026-08-22 16:37:51,226|line:345| -352
2026-08-22 16:37:52,543|line:345| -352
2026-08-22 16:37:52,543|line:769| ('GET请求失败', 'https://api.bilibili.com/x/polymer/web-dynamic/v1/detail?timezone_offset=-480&id=1235613613826244624&features=itemOpusStyle')
2026-08-22 16:37:52,543|line:770| error line:751
2026-08-22 16:37:52,544|line:964| *#*#*#*#*#*#*#*#*#*原动态处理失败*#*#*#*#*#*#*#*#*#
2026-08-22 16:37:52,544|line:950| https://t.bilibili.com/1237757816107696135
2026-08-22 16:37:55,855|line:345| -352
2026-08-22 16:37:57,197|line:345| -352
2026-08-22 16:37:59,519|line:345| -352
2026-08-22 16:38:02,845|line:345| -352
2026-08-22 16:38:05,186|line:345| -352
2026-08-22 16:38:05,186|line:769| ('GET请求失败', 'https://api.bilibili.com/x/polymer/web-dynamic/v1/detail?timezone_offset=-480&id=1237757816107696135&features=itemOpusStyle')
2026-08-22 16:38:05,186|line:770| error line:751
2026-08-22 16:38:05,187|line:964| *#*#*#*#*#*#*#*#*#*原动态处理失败*#*#*#*#*#*#*#*#*#
2026-08-22 16:38:05,187|line:950| https://t.bilibili.com/1232309469667393556
2026-08-22 16:38:05,187|line:952| 已有
2026-08-22 16:38:05,187|line:950| https://t.bilibili.com/1237849148577808388
2026-08-22 16:38:05,187|line:952| 已有
2026-08-22 16:38:05,187|line:950| https://t.bilibili.com/1237372020646215687
2026-08-22 16:38:06,503|line:345| -352
2026-08-22 16:38:09,839|line:345| -352
2026-08-22 16:38:14,190|line:345| -352
2026-08-22 16:38:16,518|line:345| -352
2026-08-22 16:38:18,862|line:345| -352
2026-08-22 16:38:18,863|line:769| ('GET请求失败', 'https://api.bilibili.com/x/polymer/web-dynamic/v1/detail?timezone_offset=-480&id=1237372020646215687&features=itemOpusStyle')
2026-08-22 16:38:18,863|line:770| error line:751
2026-08-22 16:38:18,863|line:964| *#*#*#*#*#*#*#*#*#*原动态处理失败*#*#*#*#*#*#*#*#*#
2026-08-22 16:38:18,864|line:950| https://t.bilibili.com/1228512675656368152
2026-08-22 16:38:18,864|line:952| 已有
2026-08-22 16:38:18,864|line:950| https://t.bilibili.com/1237358826521362441
2026-08-22 16:38:18,864|line:952| 已有
2026-08-22 16:38:18,864|line:950| https://t.bilibili.com/1237854607468658709
2026-08-22 16:38:18,864|line:952| 已有
2026-08-22 16:38:18,864|line:950| https://t.bilibili.com/1237817078042329104
2026-08-22 16:38:18,864|line:952| 已有
2026-08-22 16:38:18,864|line:950| https://t.bilibili.com/1233703616049577992
2026-08-22 16:38:18,864|line:952| 已有
2026-08-22 16:38:18,864|line:950| https://t.bilibili.com/1233703809369243689
2026-08-22 16:38:18,864|line:952| 已有
2026-08-22 16:38:18,864|line:950| https://t.bilibili.com/1238185685031059480
2026-08-22 16:38:18,864|line:952| 已有
2026-08-22 16:38:18,864|line:950| https://t.bilibili.com/1228848557120815106
2026-08-22 16:38:18,864|line:952| 已有
2026-08-22 16:38:18,865|line:950| https://t.bilibili.com/1229941473806385152
2026-08-22 16:38:18,865|line:952| 已有
2026-08-22 16:38:18,865|line:950| https://t.bilibili.com/1229642303610552338
2026-08-22 16:38:21,223|line:345| -352
2026-08-22 16:38:22,540|line:345| -352
2026-08-22 16:38:23,856|line:345| -352
2026-08-22 16:38:26,171|line:345| -352
2026-08-22 16:38:29,513|line:345| -352
2026-08-22 16:38:29,513|line:769| ('GET请求失败', 'https://api.bilibili.com/x/polymer/web-dynamic/v1/detail?timezone_offset=-480&id=1229642303610552338&features=itemOpusStyle')
2026-08-22 16:38:29,513|line:770| error line:751
2026-08-22 16:38:29,514|line:964| *#*#*#*#*#*#*#*#*#*原动态处理失败*#*#*#*#*#*#*#*#*#
2026-08-22 16:38:29,515|line:950| https://t.bilibili.com/1229921214465572881
2026-08-22 16:38:29,515|line:952| 已有
2026-08-22 16:38:29,515|line:950| https://t.bilibili.com/1229919943154204697
2026-08-22 16:38:33,820|line:345| -352
2026-08-22 16:38:38,245|line:345| -352
2026-08-22 16:38:40,737|line:345| -352
2026-08-22 16:38:42,052|line:345| -352
2026-08-22 16:38:45,373|line:345| -352
2026-08-22 16:38:45,374|line:769| ('GET请求失败', 'https://api.bilibili.com/x/polymer/web-dynamic/v1/detail?timezone_offset=-480&id=1229919943154204697&features=itemOpusStyle')
2026-08-22 16:38:45,374|line:770| error line:751
2026-08-22 16:38:45,374|line:964| *#*#*#*#*#*#*#*#*#*原动态处理失败*#*#*#*#*#*#*#*#*#
2026-08-22 16:38:45,375|line:950| https://t.bilibili.com/1230052077820968962
2026-08-22 16:38:47,715|line:345| -352
2026-08-22 16:38:52,066|line:345| -352
2026-08-22 16:38:56,412|line:345| -352
2026-08-22 16:39:00,776|line:345| -352
2026-08-22 16:39:02,095|line:345| -352
2026-08-22 16:39:02,095|line:769| ('GET请求失败', 'https://api.bilibili.com/x/polymer/web-dynamic/v1/detail?timezone_offset=-480&id=1230052077820968962&features=itemOpusStyle')
2026-08-22 16:39:02,095|line:770| error line:751
2026-08-22 16:39:02,096|line:964| *#*#*#*#*#*#*#*#*#*原动态处理失败*#*#*#*#*#*#*#*#*#
2026-08-22 16:39:02,097|line:950| https://t.bilibili.com/1229640117426061360
2026-08-22 16:39:02,097|line:952| 已有
2026-08-22 16:39:02,097|line:950| https://t.bilibili.com/1230330164094697512
2026-08-22 16:39:06,492|line:345| -352
2026-08-22 16:39:07,880|line:345| -352
2026-08-22 16:39:09,266|line:345| -352
2026-08-22 16:39:12,609|line:345| -352
2026-08-22 16:39:13,948|line:345| -352
2026-08-22 16:39:13,948|line:769| ('GET请求失败', 'https://api.bilibili.com/x/polymer/web-dynamic/v1/detail?timezone_offset=-480&id=1230330164094697512&features=itemOpusStyle')
2026-08-22 16:39:13,948|line:770| error line:751
2026-08-22 16:39:13,949|line:964| *#*#*#*#*#*#*#*#*#*原动态处理失败*#*#*#*#*#*#*#*#*#
2026-08-22 16:39:13,949|line:950| https://t.bilibili.com/1230079385211502627
2026-08-22 16:39:13,949|line:952| 已有
2026-08-22 16:39:13,949|line:950| https://t.bilibili.com/1229647229921263637
2026-08-22 16:39:15,433|line:345| -352
2026-08-22 16:39:16,758|line:345| -352
2026-08-22 16:39:19,112|line:345| -352
2026-08-22 16:39:20,460|line:345| -352
2026-08-22 16:39:24,795|line:345| -352
2026-08-22 16:39:24,796|line:769| ('GET请求失败', 'https://api.bilibili.com/x/polymer/web-dynamic/v1/detail?timezone_offset=-480&id=1229647229921263637&features=itemOpusStyle')
2026-08-22 16:39:24,796|line:770| error line:751
2026-08-22 16:39:24,796|line:964| *#*#*#*#*#*#*#*#*#*原动态处理失败*#*#*#*#*#*#*#*#*#
2026-08-22 16:39:24,797|line:950| https://t.bilibili.com/1229674966780215335
2026-08-22 16:39:24,797|line:952| 已有
2026-08-22 16:39:24,797|line:950| https://t.bilibili.com/1229682826580852756
2026-08-22 16:39:29,203|line:345| -352
2026-08-22 16:39:33,563|line:345| -352
2026-08-22 16:39:38,223|line:345| -352
2026-08-22 16:39:39,554|line:345| -352
2026-08-22 16:39:43,935|line:345| -352
2026-08-22 16:39:43,935|line:769| ('GET请求失败', 'https://api.bilibili.com/x/polymer/web-dynamic/v1/detail?timezone_offset=-480&id=1229682826580852756&features=itemOpusStyle')
2026-08-22 16:39:43,935|line:770| error line:751
2026-08-22 16:39:43,936|line:964| *#*#*#*#*#*#*#*#*#*原动态处理失败*#*#*#*#*#*#*#*#*#
2026-08-22 16:39:43,936|line:950| https://t.bilibili.com/1230404445559324692
2026-08-22 16:39:43,936|line:952| 已有
2026-08-22 16:39:43,936|line:950| https://t.bilibili.com/1230052588907397122
2026-08-22 16:39:43,936|line:952| 已有
2026-08-22 16:39:43,936|line:950| https://t.bilibili.com/1238177163793924105
2026-08-22 16:39:46,310|line:345| -352
2026-08-22 16:39:49,827|line:345| -352
2026-08-22 16:39:53,282|line:345| -352
2026-08-22 16:39:54,662|line:345| -352
2026-08-22 16:39:56,136|line:345| -352
2026-08-22 16:39:56,136|line:769| ('GET请求失败', 'https://api.bilibili.com/x/polymer/web-dynamic/v1/detail?timezone_offset=-480&id=1238177163793924105&features=itemOpusStyle')
2026-08-22 16:39:56,136|line:770| error line:751
2026-08-22 16:39:56,138|line:964| *#*#*#*#*#*#*#*#*#*原动态处理失败*#*#*#*#*#*#*#*#*#
2026-08-22 16:39:56,138|line:950| https://t.bilibili.com/1235700720000303154
2026-08-22 16:40:00,501|line:345| -352
2026-08-22 16:40:03,887|line:345| -352
2026-08-22 16:40:05,209|line:345| -352
2026-08-22 16:40:07,541|line:345| -352
2026-08-22 16:40:11,877|line:345| -352
2026-08-22 16:40:11,878|line:769| ('GET请求失败', 'https://api.bilibili.com/x/polymer/web-dynamic/v1/detail?timezone_offset=-480&id=1235700720000303154&features=itemOpusStyle')
2026-08-22 16:40:11,878|line:770| error line:751
2026-08-22 16:40:11,878|line:964| *#*#*#*#*#*#*#*#*#*原动态处理失败*#*#*#*#*#*#*#*#*#
2026-08-22 16:40:11,879|line:950| https://t.bilibili.com/1237846597344165907
2026-08-22 16:40:14,223|line:345| -352
2026-08-22 16:40:17,610|line:345| -352
2026-08-22 16:40:20,999|line:345| -352
2026-08-22 16:40:22,405|line:345| -352
2026-08-22 16:40:23,747|line:345| -352
2026-08-22 16:40:23,748|line:769| ('GET请求失败', 'https://api.bilibili.com/x/polymer/web-dynamic/v1/detail?timezone_offset=-480&id=1237846597344165907&features=itemOpusStyle')
2026-08-22 16:40:23,748|line:770| error line:751
2026-08-22 16:40:23,749|line:964| *#*#*#*#*#*#*#*#*#*原动态处理失败*#*#*#*#*#*#*#*#*#
2026-08-22 16:40:23,749|line:950| https://t.bilibili.com/1232503993072091145
2026-08-22 16:40:28,099|line:345| -352
2026-08-22 16:40:32,425|line:345| -352
2026-08-22 16:40:35,767|line:345| -352
2026-08-22 16:40:37,128|line:345| -352
2026-08-22 16:40:40,520|line:345| -352
2026-08-22 16:40:40,520|line:769| ('GET请求失败', 'https://api.bilibili.com/x/polymer/web-dynamic/v1/detail?timezone_offset=-480&id=1232503993072091145&features=itemOpusStyle')
2026-08-22 16:40:40,520|line:770| error line:751
2026-08-22 16:40:40,520|line:964| *#*#*#*#*#*#*#*#*#*原动态处理失败*#*#*#*#*#*#*#*#*#
2026-08-22 16:40:40,521|line:950| https://t.bilibili.com/1236827075233447941
2026-08-22 16:40:44,838|line:345| -352
2026-08-22 16:40:48,161|line:345| -352
2026-08-22 16:40:52,537|line:345| -352
2026-08-22 16:40:53,874|line:345| -352
2026-08-22 16:40:55,232|line:345| -352
2026-08-22 16:40:55,233|line:769| ('GET请求失败', 'https://api.bilibili.com/x/polymer/web-dynamic/v1/detail?timezone_offset=-480&id=1236827075233447941&features=itemOpusStyle')
2026-08-22 16:40:55,233|line:770| error line:751
2026-08-22 16:40:55,233|line:964| *#*#*#*#*#*#*#*#*#*原动态处理失败*#*#*#*#*#*#*#*#*#
2026-08-22 16:40:55,234|line:950| https://t.bilibili.com/1237474601679716385
2026-08-22 16:40:59,562|line:345| -352
2026-08-22 16:41:00,892|line:345| -352
2026-08-22 16:41:02,241|line:345| -352
2026-08-22 16:41:03,558|line:345| -352
2026-08-22 16:41:05,875|line:345| -352
2026-08-22 16:41:05,875|line:769| ('GET请求失败', 'https://api.bilibili.com/x/polymer/web-dynamic/v1/detail?timezone_offset=-480&id=1237474601679716385&features=itemOpusStyle')
2026-08-22 16:41:05,875|line:770| error line:751
2026-08-22 16:41:05,876|line:964| *#*#*#*#*#*#*#*#*#*原动态处理失败*#*#*#*#*#*#*#*#*#
2026-08-22 16:41:05,876|line:950| https://t.bilibili.com/1235148945600020503
2026-08-22 16:41:08,273|line:345| -352
2026-08-22 16:41:10,612|line:345| -352
2026-08-22 16:41:11,956|line:345| -352
2026-08-22 16:41:14,272|line:345| -352
2026-08-22 16:41:18,582|line:345| -352
2026-08-22 16:41:18,582|line:769| ('GET请求失败', 'https://api.bilibili.com/x/polymer/web-dynamic/v1/detail?timezone_offset=-480&id=1235148945600020503&features=itemOpusStyle')
2026-08-22 16:41:18,582|line:770| error line:751
2026-08-22 16:41:18,583|line:964| *#*#*#*#*#*#*#*#*#*原动态处理失败*#*#*#*#*#*#*#*#*#
2026-08-22 16:41:18,583|line:950| https://t.bilibili.com/1235629264655613989
2026-08-22 16:41:20,975|line:345| -352
2026-08-22 16:41:22,300|line:345| -352
2026-08-22 16:41:26,655|line:345| -352
2026-08-22 16:41:28,977|line:345| -352
2026-08-22 16:41:31,293|line:345| -352
2026-08-22 16:41:31,294|line:769| ('GET请求失败', 'https://api.bilibili.com/x/polymer/web-dynamic/v1/detail?timezone_offset=-480&id=1235629264655613989&features=itemOpusStyle')
2026-08-22 16:41:31,294|line:770| error line:751
2026-08-22 16:41:31,295|line:964| *#*#*#*#*#*#*#*#*#*原动态处理失败*#*#*#*#*#*#*#*#*#
2026-08-22 16:41:31,295|line:950| https://t.bilibili.com/1235147871862390791
2026-08-22 16:41:34,623|line:345| -352
2026-08-22 16:41:36,975|line:345| -352
2026-08-22 16:41:39,326|line:345| -352
2026-08-22 16:41:40,706|line:345| -352
2026-08-22 16:41:43,091|line:345| -352
2026-08-22 16:41:43,091|line:769| ('GET请求失败', 'https://api.bilibili.com/x/polymer/web-dynamic/v1/detail?timezone_offset=-480&id=1235147871862390791&features=itemOpusStyle')
2026-08-22 16:41:43,092|line:770| error line:751
2026-08-22 16:41:43,092|line:964| *#*#*#*#*#*#*#*#*#*原动态处理失败*#*#*#*#*#*#*#*#*#
2026-08-22 16:41:43,092|line:950| https://t.bilibili.com/1235195013407703043
2026-08-22 16:41:44,415|line:345| -352
2026-08-22 16:41:47,741|line:345| -352
2026-08-22 16:41:51,063|line:345| -352
2026-08-22 16:41:55,426|line:345| -352
2026-08-22 16:41:59,776|line:345| -352
2026-08-22 16:41:59,776|line:769| ('GET请求失败', 'https://api.bilibili.com/x/polymer/web-dynamic/v1/detail?timezone_offset=-480&id=1235195013407703043&features=itemOpusStyle')
2026-08-22 16:41:59,776|line:770| error line:751
2026-08-22 16:41:59,777|line:964| *#*#*#*#*#*#*#*#*#*原动态处理失败*#*#*#*#*#*#*#*#*#
2026-08-22 16:41:59,777|line:950| https://t.bilibili.com/1235296881433640969
2026-08-22 16:42:04,094|line:345| -352
2026-08-22 16:42:05,444|line:345| -352
2026-08-22 16:42:06,748|line:345| -352
2026-08-22 16:42:11,106|line:345| -352
2026-08-22 16:42:13,422|line:345| -352
2026-08-22 16:42:13,422|line:769| ('GET请求失败', 'https://api.bilibili.com/x/polymer/web-dynamic/v1/detail?timezone_offset=-480&id=1235296881433640969&features=itemOpusStyle')
2026-08-22 16:42:13,422|line:770| error line:751
2026-08-22 16:42:13,423|line:964| *#*#*#*#*#*#*#*#*#*原动态处理失败*#*#*#*#*#*#*#*#*#
2026-08-22 16:42:13,423|line:950| https://t.bilibili.com/1235150689365131265
2026-08-22 16:42:14,747|line:345| -352
2026-08-22 16:42:19,059|line:345| -352
2026-08-22 16:42:22,377|line:345| -352
2026-08-22 16:42:26,695|line:345| -352
2026-08-22 16:42:30,062|line:345| -352
2026-08-22 16:42:30,062|line:769| ('GET请求失败', 'https://api.bilibili.com/x/polymer/web-dynamic/v1/detail?timezone_offset=-480&id=1235150689365131265&features=itemOpusStyle')
2026-08-22 16:42:30,062|line:770| error line:751
2026-08-22 16:42:30,063|line:964| *#*#*#*#*#*#*#*#*#*原动态处理失败*#*#*#*#*#*#*#*#*#
2026-08-22 16:42:30,063|line:950| https://t.bilibili.com/1235192320463208449
2026-08-22 16:42:33,413|line:345| -352
2026-08-22 16:42:36,726|line:345| -352
2026-08-22 16:42:39,093|line:345| -352
2026-08-22 16:42:43,503|line:345| -352
2026-08-22 16:42:44,865|line:345| -352
2026-08-22 16:42:44,865|line:769| ('GET请求失败', 'https://api.bilibili.com/x/polymer/web-dynamic/v1/detail?timezone_offset=-480&id=1235192320463208449&features=itemOpusStyle')
2026-08-22 16:42:44,865|line:770| error line:751
2026-08-22 16:42:44,866|line:964| *#*#*#*#*#*#*#*#*#*原动态处理失败*#*#*#*#*#*#*#*#*#
2026-08-22 16:42:44,866|line:950| https://t.bilibili.com/1235149495317037064
2026-08-22 16:42:47,238|line:345| -352
2026-08-22 16:42:49,558|line:345| -352
2026-08-22 16:42:51,942|line:345| -352
2026-08-22 16:42:55,258|line:345| -352
2026-08-22 16:42:57,609|line:345| -352
2026-08-22 16:42:57,609|line:769| ('GET请求失败', 'https://api.bilibili.com/x/polymer/web-dynamic/v1/detail?timezone_offset=-480&id=1235149495317037064&features=itemOpusStyle')
2026-08-22 16:42:57,609|line:770| error line:751
2026-08-22 16:42:57,610|line:964| *#*#*#*#*#*#*#*#*#*原动态处理失败*#*#*#*#*#*#*#*#*#
2026-08-22 16:42:57,610|line:950| https://t.bilibili.com/1235602451169542153
2026-08-22 16:43:01,989|line:345| -352
2026-08-22 16:43:06,332|line:345| -352
2026-08-22 16:43:10,675|line:345| -352
2026-08-22 16:43:15,096|line:345| -352
2026-08-22 16:43:19,455|line:345| -352
2026-08-22 16:43:19,455|line:769| ('GET请求失败', 'https://api.bilibili.com/x/polymer/web-dynamic/v1/detail?timezone_offset=-480&id=1235602451169542153&features=itemOpusStyle')
2026-08-22 16:43:19,455|line:770| error line:751
2026-08-22 16:43:19,456|line:964| *#*#*#*#*#*#*#*#*#*原动态处理失败*#*#*#*#*#*#*#*#*#
2026-08-22 16:43:19,456|line:950| https://t.bilibili.com/1236358447034794025
2026-08-22 16:43:22,819|line:345| -352
2026-08-22 16:43:24,178|line:345| -352
2026-08-22 16:43:26,544|line:345| -352
2026-08-22 16:43:30,904|line:345| -352
2026-08-22 16:43:35,277|line:345| -352
2026-08-22 16:43:35,278|line:769| ('GET请求失败', 'https://api.bilibili.com/x/polymer/web-dynamic/v1/detail?timezone_offset=-480&id=1236358447034794025&features=itemOpusStyle')
2026-08-22 16:43:35,278|line:770| error line:751
2026-08-22 16:43:35,278|line:964| *#*#*#*#*#*#*#*#*#*原动态处理失败*#*#*#*#*#*#*#*#*#
2026-08-22 16:43:35,279|line:950| https://t.bilibili.com/1236349754033569817
2026-08-22 16:43:37,773|line:345| -352
2026-08-22 16:43:40,131|line:345| -352
2026-08-22 16:43:41,474|line:345| -352
2026-08-22 16:43:42,833|line:345| -352
2026-08-22 16:43:46,189|line:345| -352
2026-08-22 16:43:46,189|line:769| ('GET请求失败', 'https://api.bilibili.com/x/polymer/web-dynamic/v1/detail?timezone_offset=-480&id=1236349754033569817&features=itemOpusStyle')
2026-08-22 16:43:46,189|line:770| error line:751
2026-08-22 16:43:46,189|line:964| *#*#*#*#*#*#*#*#*#*原动态处理失败*#*#*#*#*#*#*#*#*#
2026-08-22 16:43:46,190|line:950| https://t.bilibili.com/1236711918569259031
2026-08-22 16:43:46,190|line:952| 已有
2026-08-22 16:43:46,190|line:950| https://t.bilibili.com/1236347937260306472
2026-08-22 16:43:47,553|line:345| -352
2026-08-22 16:43:49,890|line:345| -352
2026-08-22 16:43:53,268|line:345| -352
2026-08-22 16:43:55,666|line:345| -352
2026-08-22 16:43:58,050|line:345| -352
2026-08-22 16:43:58,050|line:769| ('GET请求失败', 'https://api.bilibili.com/x/polymer/web-dynamic/v1/detail?timezone_offset=-480&id=1236347937260306472&features=itemOpusStyle')
2026-08-22 16:43:58,051|line:770| error line:751
2026-08-22 16:43:58,051|line:964| *#*#*#*#*#*#*#*#*#*原动态处理失败*#*#*#*#*#*#*#*#*#
2026-08-22 16:43:58,052|line:950| https://t.bilibili.com/1230769101117325333
2026-08-22 16:44:02,376|line:345| -352
2026-08-22 16:44:05,688|line:345| -352
2026-08-22 16:44:07,033|line:345| -352
2026-08-22 16:44:11,362|line:345| -352
2026-08-22 16:44:13,722|line:345| -352
2026-08-22 16:44:13,722|line:769| ('GET请求失败', 'https://api.bilibili.com/x/polymer/web-dynamic/v1/detail?timezone_offset=-480&id=1230769101117325333&features=itemOpusStyle')
2026-08-22 16:44:13,723|line:770| error line:751
2026-08-22 16:44:13,723|line:964| *#*#*#*#*#*#*#*#*#*原动态处理失败*#*#*#*#*#*#*#*#*#
2026-08-22 16:44:13,724|line:950| https://t.bilibili.com/1238088189281828887
2026-08-22 16:44:17,048|line:345| -352
2026-08-22 16:44:21,435|line:345| -352
2026-08-22 16:44:25,756|line:345| -352
2026-08-22 16:44:28,120|line:345| -352
2026-08-22 16:44:30,468|line:345| -352
2026-08-22 16:44:30,469|line:769| ('GET请求失败', 'https://api.bilibili.com/x/polymer/web-dynamic/v1/detail?timezone_offset=-480&id=1238088189281828887&features=itemOpusStyle')
2026-08-22 16:44:30,469|line:770| error line:751
2026-08-22 16:44:30,469|line:964| *#*#*#*#*#*#*#*#*#*原动态处理失败*#*#*#*#*#*#*#*#*#
2026-08-22 16:44:30,470|line:950| https://t.bilibili.com/1231166441458237458
2026-08-22 16:44:32,872|line:345| -352
2026-08-22 16:44:36,186|line:345| -352
2026-08-22 16:44:40,720|line:345| -352
2026-08-22 16:44:43,033|line:345| -352
2026-08-22 16:44:47,359|line:345| -352
2026-08-22 16:44:47,360|line:769| ('GET请求失败', 'https://api.bilibili.com/x/polymer/web-dynamic/v1/detail?timezone_offset=-480&id=1231166441458237458&features=itemOpusStyle')
2026-08-22 16:44:47,360|line:770| error line:751
2026-08-22 16:44:47,361|line:964| *#*#*#*#*#*#*#*#*#*原动态处理失败*#*#*#*#*#*#*#*#*#
2026-08-22 16:44:47,361|line:950| https://t.bilibili.com/1238083331692691461
2026-08-22 16:44:50,677|line:345| -352
2026-08-22 16:44:53,091|line:345| -352
2026-08-22 16:44:56,442|line:345| -352
2026-08-22 16:44:59,775|line:345| -352
2026-08-22 16:45:04,096|line:345| -352
2026-08-22 16:45:04,096|line:769| ('GET请求失败', 'https://api.bilibili.com/x/polymer/web-dynamic/v1/detail?timezone_offset=-480&id=1238083331692691461&features=itemOpusStyle')
2026-08-22 16:45:04,096|line:770| error line:751
2026-08-22 16:45:04,097|line:964| *#*#*#*#*#*#*#*#*#*原动态处理失败*#*#*#*#*#*#*#*#*#
2026-08-22 16:45:04,097|line:950| https://t.bilibili.com/1238126345780723718
2026-08-22 16:45:08,444|line:345| -352
2026-08-22 16:45:09,791|line:345| -352
2026-08-22 16:45:11,132|line:345| -352
2026-08-22 16:45:15,453|line:345| -352
2026-08-22 16:45:18,807|line:345| -352
2026-08-22 16:45:18,807|line:769| ('GET请求失败', 'https://api.bilibili.com/x/polymer/web-dynamic/v1/detail?timezone_offset=-480&id=1238126345780723718&features=itemOpusStyle')
2026-08-22 16:45:18,807|line:770| error line:751
2026-08-22 16:45:18,808|line:964| *#*#*#*#*#*#*#*#*#*原动态处理失败*#*#*#*#*#*#*#*#*#
2026-08-22 16:45:18,808|line:950| https://t.bilibili.com/1238094762690478153
2026-08-22 16:45:18,808|line:952| 已有
2026-08-22 16:45:18,808|line:950| https://t.bilibili.com/1238093386169188352
2026-08-22 16:45:18,808|line:952| 已有
2026-08-22 16:45:18,808|line:950| https://t.bilibili.com/1238554846073716761
2026-08-22 16:45:18,808|line:952| 已有
2026-08-22 16:45:18,808|line:950| https://t.bilibili.com/1238574085347213314
2026-08-22 16:45:18,808|line:952| 已有
2026-08-22 16:45:18,809|line:950| https://t.bilibili.com/1238184246197092355
2026-08-22 16:45:22,115|line:345| -352
2026-08-22 16:45:25,447|line:345| -352
2026-08-22 16:45:26,792|line:345| -352
2026-08-22 16:45:28,198|line:345| -352
2026-08-22 16:45:29,510|line:345| -352
2026-08-22 16:45:29,510|line:769| ('GET请求失败', 'https://api.bilibili.com/x/polymer/web-dynamic/v1/detail?timezone_offset=-480&id=1238184246197092355&features=itemOpusStyle')
2026-08-22 16:45:29,510|line:770| error line:751
2026-08-22 16:45:29,511|line:964| *#*#*#*#*#*#*#*#*#*原动态处理失败*#*#*#*#*#*#*#*#*#
2026-08-22 16:45:29,511|line:950| https://t.bilibili.com/1238184701498228739
2026-08-22 16:45:31,881|line:345| -352
2026-08-22 16:45:34,228|line:345| -352
2026-08-22 16:45:35,562|line:345| -352
2026-08-22 16:45:38,932|line:345| -352
2026-08-22 16:45:43,381|line:345| -352
2026-08-22 16:45:43,381|line:769| ('GET请求失败', 'https://api.bilibili.com/x/polymer/web-dynamic/v1/detail?timezone_offset=-480&id=1238184701498228739&features=itemOpusStyle')
2026-08-22 16:45:43,381|line:770| error line:751
2026-08-22 16:45:43,382|line:964| *#*#*#*#*#*#*#*#*#*原动态处理失败*#*#*#*#*#*#*#*#*#
2026-08-22 16:45:43,382|line:950| https://t.bilibili.com/1238236666257211427
2026-08-22 16:45:47,700|line:345| -352
2026-08-22 16:45:52,008|line:345| -352
2026-08-22 16:45:54,364|line:345| -352
2026-08-22 16:45:57,679|line:345| -352
2026-08-22 16:46:02,005|line:345| -352
2026-08-22 16:46:02,005|line:769| ('GET请求失败', 'https://api.bilibili.com/x/polymer/web-dynamic/v1/detail?timezone_offset=-480&id=1238236666257211427&features=itemOpusStyle')
2026-08-22 16:46:02,005|line:770| error line:751
2026-08-22 16:46:02,006|line:964| *#*#*#*#*#*#*#*#*#*原动态处理失败*#*#*#*#*#*#*#*#*#
2026-08-22 16:46:02,006|line:950| https://t.bilibili.com/1238182596957962263
2026-08-22 16:46:02,006|line:952| 已有
2026-08-22 16:46:02,006|line:950| https://t.bilibili.com/1238465862927646816
2026-08-22 16:46:04,328|line:345| -352
2026-08-22 16:46:07,669|line:345| -352
2026-08-22 16:46:08,987|line:345| -352
2026-08-22 16:46:11,310|line:345| -352
2026-08-22 16:46:15,629|line:345| -352
2026-08-22 16:46:15,629|line:769| ('GET请求失败', 'https://api.bilibili.com/x/polymer/web-dynamic/v1/detail?timezone_offset=-480&id=1238465862927646816&features=itemOpusStyle')
2026-08-22 16:46:15,630|line:770| error line:751
2026-08-22 16:46:15,631|line:964| *#*#*#*#*#*#*#*#*#*原动态处理失败*#*#*#*#*#*#*#*#*#
2026-08-22 16:46:15,631|line:950| https://t.bilibili.com/1238102727744028681
2026-08-22 16:46:17,970|line:345| -352
2026-08-22 16:46:19,295|line:345| -352
2026-08-22 16:46:22,616|line:345| -352
2026-08-22 16:46:24,966|line:345| -352
2026-08-22 16:46:26,290|line:345| -352
2026-08-22 16:46:26,291|line:769| ('GET请求失败', 'https://api.bilibili.com/x/polymer/web-dynamic/v1/detail?timezone_offset=-480&id=1238102727744028681&features=itemOpusStyle')
2026-08-22 16:46:26,291|line:770| error line:751
2026-08-22 16:46:26,292|line:964| *#*#*#*#*#*#*#*#*#*原动态处理失败*#*#*#*#*#*#*#*#*#
2026-08-22 16:46:26,292|line:950| https://t.bilibili.com/1234754996158857225
2026-08-22 16:46:26,292|line:952| 已有
2026-08-22 16:46:26,292|line:950| https://t.bilibili.com/1236270260621934601
2026-08-22 16:46:28,609|line:345| -352
2026-08-22 16:46:31,004|line:345| -352
2026-08-22 16:46:33,310|line:345| -352
2026-08-22 16:46:36,629|line:345| -352
2026-08-22 16:46:40,951|line:345| -352
2026-08-22 16:46:40,951|line:769| ('GET请求失败', 'https://api.bilibili.com/x/polymer/web-dynamic/v1/detail?timezone_offset=-480&id=1236270260621934601&features=itemOpusStyle')
2026-08-22 16:46:40,951|line:770| error line:751
2026-08-22 16:46:40,952|line:964| *#*#*#*#*#*#*#*#*#*原动态处理失败*#*#*#*#*#*#*#*#*#
2026-08-22 16:46:40,952|line:950| https://t.bilibili.com/1238094762741858311
2026-08-22 16:46:43,451|line:345| -352
2026-08-22 16:46:44,774|line:345| -352
2026-08-22 16:46:48,108|line:345| -352
2026-08-22 16:46:49,423|line:345| -352
2026-08-22 16:46:51,763|line:345| -352
2026-08-22 16:46:51,764|line:769| ('GET请求失败', 'https://api.bilibili.com/x/polymer/web-dynamic/v1/detail?timezone_offset=-480&id=1238094762741858311&features=itemOpusStyle')
2026-08-22 16:46:51,764|line:770| error line:751
2026-08-22 16:46:51,764|line:964| *#*#*#*#*#*#*#*#*#*原动态处理失败*#*#*#*#*#*#*#*#*#
2026-08-22 16:46:51,765|line:950| https://t.bilibili.com/1238125686509535240
2026-08-22 16:46:55,085|line:345| -352
2026-08-22 16:46:56,476|line:345| -352
2026-08-22 16:46:58,821|line:345| -352
2026-08-22 16:47:03,217|line:345| -352
2026-08-22 16:47:06,532|line:345| -352
2026-08-22 16:47:06,532|line:769| ('GET请求失败', 'https://api.bilibili.com/x/polymer/web-dynamic/v1/detail?timezone_offset=-480&id=1238125686509535240&features=itemOpusStyle')
2026-08-22 16:47:06,532|line:770| error line:751
2026-08-22 16:47:06,533|line:964| *#*#*#*#*#*#*#*#*#*原动态处理失败*#*#*#*#*#*#*#*#*#
2026-08-22 16:47:06,534|line:950| https://t.bilibili.com/1237816448829620226
2026-08-22 16:47:06,534|line:952| 已有
2026-08-22 16:47:06,534|line:950| https://t.bilibili.com/1238929775223898112
2026-08-22 16:47:08,889|line:345| -352
2026-08-22 16:47:13,294|line:345| -352
2026-08-22 16:47:17,644|line:345| -352
2026-08-22 16:47:21,013|line:345| -352
2026-08-22 16:47:25,395|line:345| -352
2026-08-22 16:47:25,395|line:769| ('GET请求失败', 'https://api.bilibili.com/x/polymer/web-dynamic/v1/detail?timezone_offset=-480&id=1238929775223898112&features=itemOpusStyle')
2026-08-22 16:47:25,395|line:770| error line:751
2026-08-22 16:47:25,396|line:964| *#*#*#*#*#*#*#*#*#*原动态处理失败*#*#*#*#*#*#*#*#*#
2026-08-22 16:47:25,396|line:950| https://t.bilibili.com/1237800986977763332
2026-08-22 16:47:25,396|line:952| 已有
2026-08-22 16:47:25,396|line:950| https://t.bilibili.com/1238581852828073993
2026-08-22 16:47:27,780|line:345| -352
2026-08-22 16:47:29,159|line:345| -352
2026-08-22 16:47:31,527|line:345| -352
2026-08-22 16:47:35,899|line:345| -352
2026-08-22 16:47:40,261|line:345| -352
2026-08-22 16:47:40,261|line:769| ('GET请求失败', 'https://api.bilibili.com/x/polymer/web-dynamic/v1/detail?timezone_offset=-480&id=1238581852828073993&features=itemOpusStyle')
2026-08-22 16:47:40,261|line:770| error line:751
2026-08-22 16:47:40,262|line:964| *#*#*#*#*#*#*#*#*#*原动态处理失败*#*#*#*#*#*#*#*#*#
2026-08-22 16:47:40,262|line:950| https://t.bilibili.com/1239238942019026950
2026-08-22 16:47:42,573|line:345| -352
2026-08-22 16:47:45,051|line:345| -352
2026-08-22 16:47:49,442|line:345| -352
2026-08-22 16:47:50,767|line:345| -352
2026-08-22 16:47:53,136|line:345| -352
2026-08-22 16:47:53,136|line:769| ('GET请求失败', 'https://api.bilibili.com/x/polymer/web-dynamic/v1/detail?timezone_offset=-480&id=1239238942019026950&features=itemOpusStyle')
2026-08-22 16:47:53,136|line:770| error line:751
2026-08-22 16:47:53,137|line:964| *#*#*#*#*#*#*#*#*#*原动态处理失败*#*#*#*#*#*#*#*#*#
2026-08-22 16:47:53,137|line:950| https://t.bilibili.com/1238878175462686757
2026-08-22 16:47:57,489|line:345| -352
2026-08-22 16:48:01,867|line:345| -352
2026-08-22 16:48:04,289|line:345| -352
2026-08-22 16:48:06,613|line:345| -352
2026-08-22 16:48:07,962|line:345| -352
2026-08-22 16:48:07,962|line:769| ('GET请求失败', 'https://api.bilibili.com/x/polymer/web-dynamic/v1/detail?timezone_offset=-480&id=1238878175462686757&features=itemOpusStyle')
2026-08-22 16:48:07,962|line:770| error line:751
2026-08-22 16:48:07,963|line:964| *#*#*#*#*#*#*#*#*#*原动态处理失败*#*#*#*#*#*#*#*#*#
2026-08-22 16:48:07,963|line:950| https://t.bilibili.com/1237787369730473985
2026-08-22 16:48:10,316|line:345| -352
2026-08-22 16:48:12,689|line:345| -352
2026-08-22 16:48:14,022|line:345| -352
2026-08-22 16:48:15,437|line:345| -352
2026-08-22 16:48:17,788|line:345| -352
2026-08-22 16:48:17,788|line:769| ('GET请求失败', 'https://api.bilibili.com/x/polymer/web-dynamic/v1/detail?timezone_offset=-480&id=1237787369730473985&features=itemOpusStyle')
2026-08-22 16:48:17,788|line:770| error line:751
2026-08-22 16:48:17,789|line:964| *#*#*#*#*#*#*#*#*#*原动态处理失败*#*#*#*#*#*#*#*#*#
2026-08-22 16:48:17,789|line:950| https://t.bilibili.com/1238087031773462547
2026-08-22 16:48:17,789|line:952| 已有
2026-08-22 16:48:17,789|line:950| https://t.bilibili.com/1238087031774511106
2026-08-22 16:48:17,789|line:952| 已有
2026-08-22 16:48:17,789|line:950| https://t.bilibili.com/1238087463434453026
2026-08-22 16:48:19,139|line:345| -352
2026-08-22 16:48:23,493|line:345| -352
2026-08-22 16:48:25,832|line:345| -352
2026-08-22 16:48:29,175|line:345| -352
2026-08-22 16:48:33,536|line:345| -352
2026-08-22 16:48:33,536|line:769| ('GET请求失败', 'https://api.bilibili.com/x/polymer/web-dynamic/v1/detail?timezone_offset=-480&id=1238087463434453026&features=itemOpusStyle')
2026-08-22 16:48:33,536|line:770| error line:751
2026-08-22 16:48:33,537|line:964| *#*#*#*#*#*#*#*#*#*原动态处理失败*#*#*#*#*#*#*#*#*#
2026-08-22 16:48:33,538|line:950| https://t.bilibili.com/1238094627425222705
2026-08-22 16:48:37,913|line:345| -352
2026-08-22 16:48:40,270|line:345| -352
2026-08-22 16:48:44,600|line:345| -352
2026-08-22 16:48:49,178|line:345| -352
2026-08-22 16:48:50,523|line:345| -352
2026-08-22 16:48:50,523|line:769| ('GET请求失败', 'https://api.bilibili.com/x/polymer/web-dynamic/v1/detail?timezone_offset=-480&id=1238094627425222705&features=itemOpusStyle')
2026-08-22 16:48:50,523|line:770| error line:751
2026-08-22 16:48:50,524|line:964| *#*#*#*#*#*#*#*#*#*原动态处理失败*#*#*#*#*#*#*#*#*#
2026-08-22 16:48:50,524|line:950| https://t.bilibili.com/1238143590033522694
2026-08-22 16:48:53,867|line:345| -352
2026-08-22 16:48:58,274|line:345| -352
2026-08-22 16:49:02,615|line:345| -352
2026-08-22 16:49:05,972|line:345| -352
2026-08-22 16:49:09,335|line:345| -352
2026-08-22 16:49:09,335|line:769| ('GET请求失败', 'https://api.bilibili.com/x/polymer/web-dynamic/v1/detail?timezone_offset=-480&id=1238143590033522694&features=itemOpusStyle')
2026-08-22 16:49:09,335|line:770| error line:751
2026-08-22 16:49:09,336|line:964| *#*#*#*#*#*#*#*#*#*原动态处理失败*#*#*#*#*#*#*#*#*#
2026-08-22 16:49:09,336|line:950| https://t.bilibili.com/1238150723997270053
2026-08-22 16:49:12,662|line:345| -352
2026-08-22 16:49:16,997|line:345| -352
2026-08-22 16:49:21,327|line:345| -352
2026-08-22 16:49:22,673|line:345| -352
2026-08-22 16:49:26,985|line:345| -352
2026-08-22 16:49:26,985|line:769| ('GET请求失败', 'https://api.bilibili.com/x/polymer/web-dynamic/v1/detail?timezone_offset=-480&id=1238150723997270053&features=itemOpusStyle')
2026-08-22 16:49:26,985|line:770| error line:751
2026-08-22 16:49:26,986|line:964| *#*#*#*#*#*#*#*#*#*原动态处理失败*#*#*#*#*#*#*#*#*#
2026-08-22 16:49:26,986|line:950| https://t.bilibili.com/1238160555189993490
2026-08-22 16:49:29,412|line:345| -352
2026-08-22 16:49:30,749|line:345| -352
2026-08-22 16:49:33,070|line:345| -352
2026-08-22 16:49:35,433|line:345| -352
2026-08-22 16:49:37,753|line:345| -352
2026-08-22 16:49:37,753|line:769| ('GET请求失败', 'https://api.bilibili.com/x/polymer/web-dynamic/v1/detail?timezone_offset=-480&id=1238160555189993490&features=itemOpusStyle')
2026-08-22 16:49:37,753|line:770| error line:751
2026-08-22 16:49:37,754|line:964| *#*#*#*#*#*#*#*#*#*原动态处理失败*#*#*#*#*#*#*#*#*#
2026-08-22 16:49:37,754|line:950| https://t.bilibili.com/1238169729253769235
2026-08-22 16:49:40,102|line:345| -352
2026-08-22 16:49:42,458|line:345| -352
2026-08-22 16:49:46,819|line:345| -352
2026-08-22 16:49:49,262|line:345| -352
2026-08-22 16:49:53,614|line:345| -352
2026-08-22 16:49:53,614|line:769| ('GET请求失败', 'https://api.bilibili.com/x/polymer/web-dynamic/v1/detail?timezone_offset=-480&id=1238169729253769235&features=itemOpusStyle')
2026-08-22 16:49:53,614|line:770| error line:751
2026-08-22 16:49:53,615|line:964| *#*#*#*#*#*#*#*#*#*原动态处理失败*#*#*#*#*#*#*#*#*#
2026-08-22 16:49:53,615|line:950| https://t.bilibili.com/1238223257412304905
2026-08-22 16:49:54,968|line:345| -352
2026-08-22 16:49:58,315|line:345| -352
2026-08-22 16:50:01,821|line:345| -352
2026-08-22 16:50:05,168|line:345| -352
2026-08-22 16:50:09,481|line:345| -352
2026-08-22 16:50:09,481|line:769| ('GET请求失败', 'https://api.bilibili.com/x/polymer/web-dynamic/v1/detail?timezone_offset=-480&id=1238223257412304905&features=itemOpusStyle')
2026-08-22 16:50:09,481|line:770| error line:751
2026-08-22 16:50:09,482|line:964| *#*#*#*#*#*#*#*#*#*原动态处理失败*#*#*#*#*#*#*#*#*#
2026-08-22 16:50:09,482|line:950| https://t.bilibili.com/1238276905859285025
2026-08-22 16:50:11,824|line:345| -352
2026-08-22 16:50:13,188|line:345| -352
2026-08-22 16:50:16,515|line:345| -352
2026-08-22 16:50:19,841|line:345| -352
2026-08-22 16:50:21,182|line:345| -352
2026-08-22 16:50:21,182|line:769| ('GET请求失败', 'https://api.bilibili.com/x/polymer/web-dynamic/v1/detail?timezone_offset=-480&id=1238276905859285025&features=itemOpusStyle')
2026-08-22 16:50:21,182|line:770| error line:751
2026-08-22 16:50:21,183|line:964| *#*#*#*#*#*#*#*#*#*原动态处理失败*#*#*#*#*#*#*#*#*#
2026-08-22 16:50:21,184|line:950| https://t.bilibili.com/1238543692038406145
2026-08-22 16:50:24,485|line:345| -352
2026-08-22 16:50:25,832|line:345| -352
2026-08-22 16:50:29,204|line:345| -352
2026-08-22 16:50:33,572|line:345| -352
2026-08-22 16:50:34,884|line:345| -352
2026-08-22 16:50:34,884|line:769| ('GET请求失败', 'https://api.bilibili.com/x/polymer/web-dynamic/v1/detail?timezone_offset=-480&id=1238543692038406145&features=itemOpusStyle')
2026-08-22 16:50:34,884|line:770| error line:751
2026-08-22 16:50:34,885|line:964| *#*#*#*#*#*#*#*#*#*原动态处理失败*#*#*#*#*#*#*#*#*#
2026-08-22 16:50:34,885|line:950| https://t.bilibili.com/1237853357667778565
2026-08-22 16:50:34,885|line:952| 已有
2026-08-22 16:50:34,885|line:950| https://t.bilibili.com/1238092041883222017
2026-08-22 16:50:36,199|line:345| -352
2026-08-22 16:50:38,515|line:345| -352
2026-08-22 16:50:39,823|line:345| -352
2026-08-22 16:50:43,149|line:345| -352
2026-08-22 16:50:47,492|line:345| -352
2026-08-22 16:50:47,492|line:769| ('GET请求失败', 'https://api.bilibili.com/x/polymer/web-dynamic/v1/detail?timezone_offset=-480&id=1238092041883222017&features=itemOpusStyle')
2026-08-22 16:50:47,492|line:770| error line:751
2026-08-22 16:50:47,493|line:964| *#*#*#*#*#*#*#*#*#*原动态处理失败*#*#*#*#*#*#*#*#*#
2026-08-22 16:50:47,493|line:950| https://t.bilibili.com/1238434924107661352
2026-08-22 16:50:49,822|line:345| -352
2026-08-22 16:50:51,161|line:345| -352
2026-08-22 16:50:55,524|line:345| -352
2026-08-22 16:50:57,875|line:345| -352
2026-08-22 16:51:00,199|line:345| -352
2026-08-22 16:51:00,199|line:769| ('GET请求失败', 'https://api.bilibili.com/x/polymer/web-dynamic/v1/detail?timezone_offset=-480&id=1238434924107661352&features=itemOpusStyle')
2026-08-22 16:51:00,200|line:770| error line:751
2026-08-22 16:51:00,201|line:964| *#*#*#*#*#*#*#*#*#*原动态处理失败*#*#*#*#*#*#*#*#*#
2026-08-22 16:51:00,201|line:950| https://t.bilibili.com/1238091054042841090
2026-08-22 16:51:00,201|line:952| 已有
2026-08-22 16:51:00,201|line:950| https://t.bilibili.com/1238465871499755541
2026-08-22 16:51:00,201|line:952| 已有
2026-08-22 16:51:00,201|line:950| https://t.bilibili.com/1238556065853866002
2026-08-22 16:51:03,568|line:345| -352
2026-08-22 16:51:06,939|line:345| -352
2026-08-22 16:51:11,288|line:345| -352
2026-08-22 16:51:15,607|line:345| -352
2026-08-22 16:51:17,936|line:345| -352
2026-08-22 16:51:17,936|line:769| ('GET请求失败', 'https://api.bilibili.com/x/polymer/web-dynamic/v1/detail?timezone_offset=-480&id=1238556065853866002&features=itemOpusStyle')
2026-08-22 16:51:17,936|line:770| error line:751
2026-08-22 16:51:17,937|line:964| *#*#*#*#*#*#*#*#*#*原动态处理失败*#*#*#*#*#*#*#*#*#
2026-08-22 16:51:17,937|line:950| https://t.bilibili.com/1238083383211327489
2026-08-22 16:51:17,937|line:952| 已有
2026-08-22 16:51:17,937|line:950| https://t.bilibili.com/1238076124709257220
2026-08-22 16:51:19,314|line:345| -352
2026-08-22 16:51:21,660|line:345| -352
2026-08-22 16:51:23,030|line:345| -352
2026-08-22 16:51:27,362|line:345| -352
2026-08-22 16:51:28,681|line:345| -352
2026-08-22 16:51:28,681|line:769| ('GET请求失败', 'https://api.bilibili.com/x/polymer/web-dynamic/v1/detail?timezone_offset=-480&id=1238076124709257220&features=itemOpusStyle')
2026-08-22 16:51:28,681|line:770| error line:751
2026-08-22 16:51:28,682|line:964| *#*#*#*#*#*#*#*#*#*原动态处理失败*#*#*#*#*#*#*#*#*#
2026-08-22 16:51:28,682|line:950| https://t.bilibili.com/1238151428348837894
2026-08-22 16:51:28,682|line:952| 已有
2026-08-22 16:51:28,682|line:950| https://t.bilibili.com/1237863442224775201
2026-08-22 16:51:30,062|line:345| -352
2026-08-22 16:51:31,403|line:345| -352
2026-08-22 16:51:35,795|line:345| -352
2026-08-22 16:51:40,206|line:345| -352
2026-08-22 16:51:41,547|line:345| -352
2026-08-22 16:51:41,548|line:769| ('GET请求失败', 'https://api.bilibili.com/x/polymer/web-dynamic/v1/detail?timezone_offset=-480&id=1237863442224775201&features=itemOpusStyle')
2026-08-22 16:51:41,548|line:770| error line:751
2026-08-22 16:51:41,548|line:964| *#*#*#*#*#*#*#*#*#*原动态处理失败*#*#*#*#*#*#*#*#*#
2026-08-22 16:51:41,549|line:950| https://t.bilibili.com/1237895280825729029
2026-08-22 16:51:42,867|line:345| -352
2026-08-22 16:51:44,252|line:345| -352
2026-08-22 16:51:45,587|line:345| -352
2026-08-22 16:51:47,980|line:345| -352
2026-08-22 16:51:49,333|line:345| -352
2026-08-22 16:51:49,333|line:769| ('GET请求失败', 'https://api.bilibili.com/x/polymer/web-dynamic/v1/detail?timezone_offset=-480&id=1237895280825729029&features=itemOpusStyle')
2026-08-22 16:51:49,333|line:770| error line:751
2026-08-22 16:51:49,334|line:964| *#*#*#*#*#*#*#*#*#*原动态处理失败*#*#*#*#*#*#*#*#*#
2026-08-22 16:51:49,334|line:950| https://t.bilibili.com/1238527695420129281
2026-08-22 16:51:53,711|line:345| -352
2026-08-22 16:51:56,021|line:345| -352
2026-08-22 16:52:00,428|line:345| -352
2026-08-22 16:52:01,822|line:345| -352
2026-08-22 16:52:06,173|line:345| -352
2026-08-22 16:52:06,173|line:769| ('GET请求失败', 'https://api.bilibili.com/x/polymer/web-dynamic/v1/detail?timezone_offset=-480&id=1238527695420129281&features=itemOpusStyle')
2026-08-22 16:52:06,173|line:770| error line:751
2026-08-22 16:52:06,174|line:964| *#*#*#*#*#*#*#*#*#*原动态处理失败*#*#*#*#*#*#*#*#*#
2026-08-22 16:52:06,178|line:950| https://t.bilibili.com/1238174513832656948
2026-08-22 16:52:06,178|line:952| 已有
2026-08-22 16:52:06,178|line:950| https://t.bilibili.com/1238218457761185793
2026-08-22 16:52:10,585|line:345| -352
2026-08-22 16:52:13,932|line:345| -352
2026-08-22 16:52:18,281|line:345| -352
2026-08-22 16:52:20,637|line:345| -352
2026-08-22 16:52:22,971|line:345| -352
2026-08-22 16:52:22,971|line:769| ('GET请求失败', 'https://api.bilibili.com/x/polymer/web-dynamic/v1/detail?timezone_offset=-480&id=1238218457761185793&features=itemOpusStyle')
2026-08-22 16:52:22,971|line:770| error line:751
2026-08-22 16:52:22,972|line:964| *#*#*#*#*#*#*#*#*#*原动态处理失败*#*#*#*#*#*#*#*#*#
2026-08-22 16:52:22,972|line:950| https://t.bilibili.com/1238125686492758019
2026-08-22 16:52:26,290|line:345| -352
2026-08-22 16:52:27,612|line:345| -352
2026-08-22 16:52:30,938|line:345| -352
2026-08-22 16:52:32,272|line:345| -352
2026-08-22 16:52:33,618|line:345| -352
2026-08-22 16:52:33,618|line:769| ('GET请求失败', 'https://api.bilibili.com/x/polymer/web-dynamic/v1/detail?timezone_offset=-480&id=1238125686492758019&features=itemOpusStyle')
2026-08-22 16:52:33,618|line:770| error line:751
2026-08-22 16:52:33,619|line:964| *#*#*#*#*#*#*#*#*#*原动态处理失败*#*#*#*#*#*#*#*#*#
2026-08-22 16:52:33,619|line:950| https://t.bilibili.com/1238115823074148369
2026-08-22 16:52:33,619|line:952| 已有
2026-08-22 16:52:33,620|line:950| https://t.bilibili.com/1233791765951021061
2026-08-22 16:52:35,965|line:345| -352
2026-08-22 16:52:38,281|line:345| -352
2026-08-22 16:52:40,632|line:345| -352
2026-08-22 16:52:42,996|line:345| -352
2026-08-22 16:52:45,387|line:345| -352
2026-08-22 16:52:45,387|line:769| ('GET请求失败', 'https://api.bilibili.com/x/polymer/web-dynamic/v1/detail?timezone_offset=-480&id=1233791765951021061&features=itemOpusStyle')
2026-08-22 16:52:45,387|line:770| error line:751
2026-08-22 16:52:45,388|line:964| *#*#*#*#*#*#*#*#*#*原动态处理失败*#*#*#*#*#*#*#*#*#
2026-08-22 16:52:45,389|line:983| 执行结束
2026-08-22 16:52:45,389|line:988| 执行失败，错误数量为75
2026-08-22 16:52:45,389|line:990| ==================================================2026-08-23 00:52==================================================
2026-08-22 16:52:45,389|line:453| processing article 52572530
2026-08-22 16:52:45,786|line:417| 获取 Article 结构化正文失败 52572530: -509 请求过于频繁，请稍后再试
2026-08-22 16:52:47,006|line:938| ==================================================2026-08-23 00:52==================================================
2026-08-22 16:52:47,006|line:950| https://t.bilibili.com/1224854467309993993
2026-08-22 16:52:47,006|line:952| 已有
2026-08-22 16:52:47,006|line:950| https://t.bilibili.com/1232309469667393556
2026-08-22 16:52:47,007|line:952| 已有
2026-08-22 16:52:47,007|line:950| https://t.bilibili.com/1234410090970218515
2026-08-22 16:52:47,007|line:952| 已有
2026-08-22 16:52:47,007|line:950| https://t.bilibili.com/1239296445182378016
2026-08-22 16:52:50,344|line:345| -352
2026-08-22 16:52:51,660|line:345| -352
2026-08-22 16:52:56,007|line:345| -352
2026-08-22 16:52:58,362|line:345| -352
2026-08-22 16:53:00,683|line:345| -352
2026-08-22 16:53:00,684|line:769| ('GET请求失败', 'https://api.bilibili.com/x/polymer/web-dynamic/v1/detail?timezone_offset=-480&id=1239296445182378016&features=itemOpusStyle')
2026-08-22 16:53:00,684|line:770| error line:751
2026-08-22 16:53:00,684|line:964| *#*#*#*#*#*#*#*#*#*原动态处理失败*#*#*#*#*#*#*#*#*#
2026-08-22 16:53:00,685|line:950| https://t.bilibili.com/1239297170994102280
2026-08-22 16:53:04,041|line:345| -352
2026-08-22 16:53:07,418|line:345| -352
2026-08-22 16:53:08,794|line:345| -352
2026-08-22 16:53:11,103|line:345| -352
2026-08-22 16:53:15,407|line:345| -352
2026-08-22 16:53:15,407|line:769| ('GET请求失败', 'https://api.bilibili.com/x/polymer/web-dynamic/v1/detail?timezone_offset=-480&id=1239297170994102280&features=itemOpusStyle')
2026-08-22 16:53:15,407|line:770| error line:751
2026-08-22 16:53:15,408|line:964| *#*#*#*#*#*#*#*#*#*原动态处理失败*#*#*#*#*#*#*#*#*#
2026-08-22 16:53:15,408|line:950| https://t.bilibili.com/1239070796196872193
2026-08-22 16:53:18,749|line:345| -352
2026-08-22 16:53:22,097|line:345| -352
2026-08-22 16:53:26,443|line:345| -352
2026-08-22 16:53:30,771|line:345| -352
2026-08-22 16:53:34,101|line:345| -352
2026-08-22 16:53:34,101|line:769| ('GET请求失败', 'https://api.bilibili.com/x/polymer/web-dynamic/v1/detail?timezone_offset=-480&id=1239070796196872193&features=itemOpusStyle')
2026-08-22 16:53:34,101|line:770| error line:751
2026-08-22 16:53:34,102|line:964| *#*#*#*#*#*#*#*#*#*原动态处理失败*#*#*#*#*#*#*#*#*#
2026-08-22 16:53:34,102|line:950| https://t.bilibili.com/1239347175172866069
2026-08-22 16:53:35,468|line:345| -352
2026-08-22 16:53:37,795|line:345| -352
2026-08-22 16:53:41,147|line:345| -352
2026-08-22 16:53:44,480|line:345| -352
2026-08-22 16:53:47,809|line:345| -352
2026-08-22 16:53:47,809|line:769| ('GET请求失败', 'https://api.bilibili.com/x/polymer/web-dynamic/v1/detail?timezone_offset=-480&id=1239347175172866069&features=itemOpusStyle')
2026-08-22 16:53:47,809|line:770| error line:751
2026-08-22 16:53:47,810|line:964| *#*#*#*#*#*#*#*#*#*原动态处理失败*#*#*#*#*#*#*#*#*#
2026-08-22 16:53:47,811|line:950| https://t.bilibili.com/1239208037537808387
2026-08-22 16:53:50,156|line:345| -352
2026-08-22 16:53:51,483|line:345| -352
2026-08-22 16:53:52,826|line:345| -352
2026-08-22 16:53:54,162|line:345| -352
2026-08-22 16:53:58,485|line:345| -352
2026-08-22 16:53:58,485|line:769| ('GET请求失败', 'https://api.bilibili.com/x/polymer/web-dynamic/v1/detail?timezone_offset=-480&id=1239208037537808387&features=itemOpusStyle')
2026-08-22 16:53:58,485|line:770| error line:751
2026-08-22 16:53:58,486|line:964| *#*#*#*#*#*#*#*#*#*原动态处理失败*#*#*#*#*#*#*#*#*#
2026-08-22 16:53:58,486|line:950| https://t.bilibili.com/1239208018238767120
2026-08-22 16:54:00,840|line:345| -352
2026-08-22 16:54:03,156|line:345| -352
2026-08-22 16:54:04,474|line:345| -352
2026-08-22 16:54:06,794|line:345| -352
2026-08-22 16:54:10,137|line:345| -352
2026-08-22 16:54:10,138|line:769| ('GET请求失败', 'https://api.bilibili.com/x/polymer/web-dynamic/v1/detail?timezone_offset=-480&id=1239208018238767120&features=itemOpusStyle')
2026-08-22 16:54:10,138|line:770| error line:751
2026-08-22 16:54:10,138|line:964| *#*#*#*#*#*#*#*#*#*原动态处理失败*#*#*#*#*#*#*#*#*#
2026-08-22 16:54:10,139|line:950| https://t.bilibili.com/1239010932896563205
2026-08-22 16:54:11,488|line:345| -352
2026-08-22 16:54:15,817|line:345| -352
2026-08-22 16:54:18,133|line:345| -352
2026-08-22 16:54:21,478|line:345| -352
2026-08-22 16:54:24,825|line:345| -352
2026-08-22 16:54:24,825|line:769| ('GET请求失败', 'https://api.bilibili.com/x/polymer/web-dynamic/v1/detail?timezone_offset=-480&id=1239010932896563205&features=itemOpusStyle')
2026-08-22 16:54:24,825|line:770| error line:751
2026-08-22 16:54:24,826|line:964| *#*#*#*#*#*#*#*#*#*原动态处理失败*#*#*#*#*#*#*#*#*#
2026-08-22 16:54:24,826|line:950| https://t.bilibili.com/1238954698907582468
2026-08-22 16:54:29,185|line:345| -352
2026-08-22 16:54:32,508|line:345| -352
2026-08-22 16:54:33,820|line:345| -352
2026-08-22 16:54:35,177|line:345| -352
2026-08-22 16:54:39,491|line:345| -352
2026-08-22 16:54:39,491|line:769| ('GET请求失败', 'https://api.bilibili.com/x/polymer/web-dynamic/v1/detail?timezone_offset=-480&id=1238954698907582468&features=itemOpusStyle')
2026-08-22 16:54:39,491|line:770| error line:751
2026-08-22 16:54:39,492|line:964| *#*#*#*#*#*#*#*#*#*原动态处理失败*#*#*#*#*#*#*#*#*#
2026-08-22 16:54:39,493|line:950| https://t.bilibili.com/1238993589879439397
2026-08-22 16:54:41,849|line:345| -352
2026-08-22 16:54:46,245|line:345| -352
2026-08-22 16:54:49,570|line:345| -352
2026-08-22 16:54:51,887|line:345| -352
2026-08-22 16:54:55,243|line:345| -352
2026-08-22 16:54:55,244|line:769| ('GET请求失败', 'https://api.bilibili.com/x/polymer/web-dynamic/v1/detail?timezone_offset=-480&id=1238993589879439397&features=itemOpusStyle')
2026-08-22 16:54:55,244|line:770| error line:751
2026-08-22 16:54:55,245|line:964| *#*#*#*#*#*#*#*#*#*原动态处理失败*#*#*#*#*#*#*#*#*#
2026-08-22 16:54:55,245|line:950| https://t.bilibili.com/1238931836840706050
2026-08-22 16:54:58,780|line:345| -352
2026-08-22 16:55:00,095|line:345| -352
2026-08-22 16:55:03,578|line:345| -352
2026-08-22 16:55:05,910|line:345| -352
2026-08-22 16:55:08,269|line:345| -352
2026-08-22 16:55:08,270|line:769| ('GET请求失败', 'https://api.bilibili.com/x/polymer/web-dynamic/v1/detail?timezone_offset=-480&id=1238931836840706050&features=itemOpusStyle')
2026-08-22 16:55:08,270|line:770| error line:751
2026-08-22 16:55:08,271|line:964| *#*#*#*#*#*#*#*#*#*原动态处理失败*#*#*#*#*#*#*#*#*#
2026-08-22 16:55:08,271|line:950| https://t.bilibili.com/1239042026352148503
2026-08-22 16:55:10,607|line:345| -352
2026-08-22 16:55:14,919|line:345| -352
2026-08-22 16:55:16,243|line:345| -352
2026-08-22 16:55:19,609|line:345| -352
2026-08-22 16:55:21,009|line:345| -352
2026-08-22 16:55:21,009|line:769| ('GET请求失败', 'https://api.bilibili.com/x/polymer/web-dynamic/v1/detail?timezone_offset=-480&id=1239042026352148503&features=itemOpusStyle')
2026-08-22 16:55:21,009|line:770| error line:751
2026-08-22 16:55:21,010|line:964| *#*#*#*#*#*#*#*#*#*原动态处理失败*#*#*#*#*#*#*#*#*#
2026-08-22 16:55:21,010|line:950| https://t.bilibili.com/1237467824196157446
2026-08-22 16:55:25,346|line:345| -352
2026-08-22 16:55:26,694|line:345| -352
2026-08-22 16:55:28,014|line:345| -352
2026-08-22 16:55:31,400|line:345| -352
2026-08-22 16:55:34,787|line:345| -352
2026-08-22 16:55:34,787|line:769| ('GET请求失败', 'https://api.bilibili.com/x/polymer/web-dynamic/v1/detail?timezone_offset=-480&id=1237467824196157446&features=itemOpusStyle')
2026-08-22 16:55:34,787|line:770| error line:751
2026-08-22 16:55:34,788|line:964| *#*#*#*#*#*#*#*#*#*原动态处理失败*#*#*#*#*#*#*#*#*#
2026-08-22 16:55:34,788|line:950| https://t.bilibili.com/1238993177526927361
2026-08-22 16:55:37,215|line:345| -352
2026-08-22 16:55:40,542|line:345| -352
2026-08-22 16:55:44,950|line:345| -352
2026-08-22 16:55:47,489|line:345| -352
2026-08-22 16:55:49,974|line:345| -352
2026-08-22 16:55:49,975|line:769| ('GET请求失败', 'https://api.bilibili.com/x/polymer/web-dynamic/v1/detail?timezone_offset=-480&id=1238993177526927361&features=itemOpusStyle')
2026-08-22 16:55:49,975|line:770| error line:751
2026-08-22 16:55:49,976|line:964| *#*#*#*#*#*#*#*#*#*原动态处理失败*#*#*#*#*#*#*#*#*#
2026-08-22 16:55:49,976|line:950| https://t.bilibili.com/1238989196128944160
2026-08-22 16:55:51,307|line:345| -352
2026-08-22 16:55:55,704|line:345| -352
2026-08-22 16:55:59,096|line:345| -352
2026-08-22 16:56:01,490|line:345| -352
2026-08-22 16:56:05,980|line:345| -352
2026-08-22 16:56:05,981|line:769| ('GET请求失败', 'https://api.bilibili.com/x/polymer/web-dynamic/v1/detail?timezone_offset=-480&id=1238989196128944160&features=itemOpusStyle')
2026-08-22 16:56:05,981|line:770| error line:751
2026-08-22 16:56:05,981|line:964| *#*#*#*#*#*#*#*#*#*原动态处理失败*#*#*#*#*#*#*#*#*#
2026-08-22 16:56:05,982|line:950| https://t.bilibili.com/1238960628121468936
2026-08-22 16:56:07,369|line:345| -352
2026-08-22 16:56:08,776|line:345| -352
2026-08-22 16:56:11,132|line:345| -352
2026-08-22 16:56:15,449|line:345| -352
2026-08-22 16:56:16,794|line:345| -352
2026-08-22 16:56:16,794|line:769| ('GET请求失败', 'https://api.bilibili.com/x/polymer/web-dynamic/v1/detail?timezone_offset=-480&id=1238960628121468936&features=itemOpusStyle')
2026-08-22 16:56:16,794|line:770| error line:751
2026-08-22 16:56:16,795|line:964| *#*#*#*#*#*#*#*#*#*原动态处理失败*#*#*#*#*#*#*#*#*#
2026-08-22 16:56:16,795|line:950| https://t.bilibili.com/1239308183288152117
2026-08-22 16:56:20,112|line:345| -352
2026-08-22 16:56:24,433|line:345| -352
2026-08-22 16:56:28,753|line:345| -352
2026-08-22 16:56:31,070|line:345| -352
2026-08-22 16:56:34,411|line:345| -352
2026-08-22 16:56:34,411|line:769| ('GET请求失败', 'https://api.bilibili.com/x/polymer/web-dynamic/v1/detail?timezone_offset=-480&id=1239308183288152117&features=itemOpusStyle')
2026-08-22 16:56:34,411|line:770| error line:751
2026-08-22 16:56:34,412|line:964| *#*#*#*#*#*#*#*#*#*原动态处理失败*#*#*#*#*#*#*#*#*#
2026-08-22 16:56:34,413|line:950| https://t.bilibili.com/1239301337171099650
2026-08-22 16:56:37,730|line:345| -352
2026-08-22 16:56:41,085|line:345| -352
2026-08-22 16:56:42,444|line:345| -352
2026-08-22 16:56:43,793|line:345| -352
2026-08-22 16:56:47,136|line:345| -352
2026-08-22 16:56:47,136|line:769| ('GET请求失败', 'https://api.bilibili.com/x/polymer/web-dynamic/v1/detail?timezone_offset=-480&id=1239301337171099650&features=itemOpusStyle')
2026-08-22 16:56:47,136|line:770| error line:751
2026-08-22 16:56:47,137|line:964| *#*#*#*#*#*#*#*#*#*原动态处理失败*#*#*#*#*#*#*#*#*#
2026-08-22 16:56:47,138|line:950| https://t.bilibili.com/1239365035800657926
2026-08-22 16:56:51,511|line:345| -352
2026-08-22 16:56:53,847|line:345| -352
2026-08-22 16:56:57,297|line:345| -352
2026-08-22 16:56:58,629|line:345| -352
2026-08-22 16:57:01,944|line:345| -352
2026-08-22 16:57:01,944|line:769| ('GET请求失败', 'https://api.bilibili.com/x/polymer/web-dynamic/v1/detail?timezone_offset=-480&id=1239365035800657926&features=itemOpusStyle')
2026-08-22 16:57:01,944|line:770| error line:751
2026-08-22 16:57:01,945|line:964| *#*#*#*#*#*#*#*#*#*原动态处理失败*#*#*#*#*#*#*#*#*#
2026-08-22 16:57:01,946|line:950| https://t.bilibili.com/1239362637075054625
2026-08-22 16:57:03,299|line:345| -352
2026-08-22 16:57:07,706|line:345| -352
2026-08-22 16:57:12,188|line:345| -352
2026-08-22 16:57:13,633|line:345| -352
2026-08-22 16:57:14,971|line:345| -352
2026-08-22 16:57:14,971|line:769| ('GET请求失败', 'https://api.bilibili.com/x/polymer/web-dynamic/v1/detail?timezone_offset=-480&id=1239362637075054625&features=itemOpusStyle')
2026-08-22 16:57:14,971|line:770| error line:751
2026-08-22 16:57:14,972|line:964| *#*#*#*#*#*#*#*#*#*原动态处理失败*#*#*#*#*#*#*#*#*#
2026-08-22 16:57:14,972|line:950| https://t.bilibili.com/1236347589321818179
2026-08-22 16:57:16,317|line:345| -352
2026-08-22 16:57:17,627|line:345| -352
2026-08-22 16:57:20,945|line:345| -352
2026-08-22 16:57:25,285|line:345| -352
2026-08-22 16:57:27,635|line:345| -352
2026-08-22 16:57:27,635|line:769| ('GET请求失败', 'https://api.bilibili.com/x/polymer/web-dynamic/v1/detail?timezone_offset=-480&id=1236347589321818179&features=itemOpusStyle')
2026-08-22 16:57:27,635|line:770| error line:751
2026-08-22 16:57:27,636|line:964| *#*#*#*#*#*#*#*#*#*原动态处理失败*#*#*#*#*#*#*#*#*#
2026-08-22 16:57:27,636|line:950| https://t.bilibili.com/1239203244410929154
2026-08-22 16:57:30,014|line:345| -352
2026-08-22 16:57:34,337|line:345| -352
2026-08-22 16:57:36,830|line:345| -352
2026-08-22 16:57:41,144|line:345| -352
2026-08-22 16:57:44,489|line:345| -352
2026-08-22 16:57:44,490|line:769| ('GET请求失败', 'https://api.bilibili.com/x/polymer/web-dynamic/v1/detail?timezone_offset=-480&id=1239203244410929154&features=itemOpusStyle')
2026-08-22 16:57:44,490|line:770| error line:751
2026-08-22 16:57:44,490|line:964| *#*#*#*#*#*#*#*#*#*原动态处理失败*#*#*#*#*#*#*#*#*#
2026-08-22 16:57:44,491|line:950| https://t.bilibili.com/1239018552225169427
2026-08-22 16:57:48,872|line:345| -352
2026-08-22 16:57:53,217|line:345| -352
2026-08-22 16:57:56,533|line:345| -352
2026-08-22 16:58:00,933|line:345| -352
2026-08-22 16:58:03,247|line:345| -352
2026-08-22 16:58:03,248|line:769| ('GET请求失败', 'https://api.bilibili.com/x/polymer/web-dynamic/v1/detail?timezone_offset=-480&id=1239018552225169427&features=itemOpusStyle')
2026-08-22 16:58:03,248|line:770| error line:751
2026-08-22 16:58:03,248|line:964| *#*#*#*#*#*#*#*#*#*原动态处理失败*#*#*#*#*#*#*#*#*#
2026-08-22 16:58:03,249|line:983| 执行结束
2026-08-22 16:58:03,249|line:988| 执行失败，错误数量为22
2026-08-22 16:58:03,249|line:990| ==================================================2026-08-23 00:58==================================================
2026-08-22 16:58:03,249|line:453| processing article 52549839
2026-08-22 16:58:03,553|line:417| 获取 Article 结构化正文失败 52549839: -509 请求过于频繁，请稍后再试
2026-08-22 16:58:04,714|line:417| 获取 Article 结构化正文失败 52549839: -509 请求过于频繁，请稍后再试
2026-08-22 16:58:06,675|line:938| ==================================================2026-08-23 00:58==================================================
2026-08-22 16:58:06,675|line:950| https://t.bilibili.com/1224854467309993993
2026-08-22 16:58:06,675|line:952| 已有
2026-08-22 16:58:06,675|line:950| https://t.bilibili.com/1225602319919349764
2026-08-22 16:58:06,675|line:952| 已有
2026-08-22 16:58:06,675|line:950| https://t.bilibili.com/1232309469667393556
2026-08-22 16:58:06,675|line:952| 已有
2026-08-22 16:58:06,675|line:950| https://t.bilibili.com/1234410090970218515
2026-08-22 16:58:06,675|line:952| 已有
2026-08-22 16:58:06,675|line:950| https://t.bilibili.com/1237967973119950852
2026-08-22 16:58:06,675|line:952| 已有
2026-08-22 16:58:06,675|line:950| https://t.bilibili.com/1238331877095374850
2026-08-22 16:58:06,675|line:952| 已有
2026-08-22 16:58:06,676|line:950| https://t.bilibili.com/1238720631806099481
2026-08-22 16:58:08,040|line:345| -352
2026-08-22 16:58:12,378|line:345| -352
2026-08-22 16:58:14,726|line:345| -352
2026-08-22 16:58:17,044|line:345| -352
2026-08-22 16:58:18,365|line:345| -352
2026-08-22 16:58:18,365|line:769| ('GET请求失败', 'https://api.bilibili.com/x/polymer/web-dynamic/v1/detail?timezone_offset=-480&id=1238720631806099481&features=itemOpusStyle')
2026-08-22 16:58:18,365|line:770| error line:751
2026-08-22 16:58:18,366|line:964| *#*#*#*#*#*#*#*#*#*原动态处理失败*#*#*#*#*#*#*#*#*#
2026-08-22 16:58:18,366|line:950| https://t.bilibili.com/1205158335736709141
2026-08-22 16:58:22,714|line:345| -352
2026-08-22 16:58:26,041|line:345| -352
2026-08-22 16:58:29,384|line:345| -352
2026-08-22 16:58:32,705|line:345| -352
2026-08-22 16:58:35,024|line:345| -352
2026-08-22 16:58:35,024|line:769| ('GET请求失败', 'https://api.bilibili.com/x/polymer/web-dynamic/v1/detail?timezone_offset=-480&id=1205158335736709141&features=itemOpusStyle')
2026-08-22 16:58:35,024|line:770| error line:751
2026-08-22 16:58:35,025|line:964| *#*#*#*#*#*#*#*#*#*原动态处理失败*#*#*#*#*#*#*#*#*#
2026-08-22 16:58:35,025|line:950| https://t.bilibili.com/1225961512289435657
2026-08-22 16:58:38,348|line:345| -352
2026-08-22 16:58:39,699|line:345| -352
2026-08-22 16:58:42,041|line:345| -352
2026-08-22 16:58:45,380|line:345| -352
2026-08-22 16:58:46,734|line:345| -352
2026-08-22 16:58:46,734|line:769| ('GET请求失败', 'https://api.bilibili.com/x/polymer/web-dynamic/v1/detail?timezone_offset=-480&id=1225961512289435657&features=itemOpusStyle')
2026-08-22 16:58:46,734|line:770| error line:751
2026-08-22 16:58:46,735|line:964| *#*#*#*#*#*#*#*#*#*原动态处理失败*#*#*#*#*#*#*#*#*#
2026-08-22 16:58:46,735|line:950| https://t.bilibili.com/1230771695318466566
2026-08-22 16:58:49,054|line:345| -352
2026-08-22 16:58:51,392|line:345| -352
2026-08-22 16:58:53,696|line:345| -352
2026-08-22 16:58:58,059|line:345| -352
2026-08-22 16:58:59,379|line:345| -352
2026-08-22 16:58:59,379|line:769| ('GET请求失败', 'https://api.bilibili.com/x/polymer/web-dynamic/v1/detail?timezone_offset=-480&id=1230771695318466566&features=itemOpusStyle')
2026-08-22 16:58:59,379|line:770| error line:751
2026-08-22 16:58:59,380|line:964| *#*#*#*#*#*#*#*#*#*原动态处理失败*#*#*#*#*#*#*#*#*#
2026-08-22 16:58:59,380|line:950| https://t.bilibili.com/1232597631935447110
2026-08-22 16:59:01,695|line:345| -352
2026-08-22 16:59:04,049|line:345| -352
2026-08-22 16:59:07,376|line:345| -352
2026-08-22 16:59:08,728|line:345| -352
2026-08-22 16:59:12,047|line:345| -352
2026-08-22 16:59:12,047|line:769| ('GET请求失败', 'https://api.bilibili.com/x/polymer/web-dynamic/v1/detail?timezone_offset=-480&id=1232597631935447110&features=itemOpusStyle')
2026-08-22 16:59:12,048|line:770| error line:751
2026-08-22 16:59:12,048|line:964| *#*#*#*#*#*#*#*#*#*原动态处理失败*#*#*#*#*#*#*#*#*#
2026-08-22 16:59:12,048|line:950| https://t.bilibili.com/1232907810159722498
2026-08-22 16:59:14,399|line:345| -352
2026-08-22 16:59:16,748|line:345| -352
2026-08-22 16:59:20,090|line:345| -352
2026-08-22 16:59:22,422|line:345| -352
2026-08-22 16:59:26,804|line:345| -352
2026-08-22 16:59:26,804|line:769| ('GET请求失败', 'https://api.bilibili.com/x/polymer/web-dynamic/v1/detail?timezone_offset=-480&id=1232907810159722498&features=itemOpusStyle')
2026-08-22 16:59:26,804|line:770| error line:751
2026-08-22 16:59:26,805|line:964| *#*#*#*#*#*#*#*#*#*原动态处理失败*#*#*#*#*#*#*#*#*#
2026-08-22 16:59:26,805|line:950| https://t.bilibili.com/1235228724610203650
2026-08-22 16:59:31,122|line:345| -352
2026-08-22 16:59:35,525|line:345| -352
2026-08-22 16:59:39,001|line:345| -352
2026-08-22 16:59:40,520|line:345| -352
2026-08-22 16:59:44,986|line:345| -352
2026-08-22 16:59:44,986|line:769| ('GET请求失败', 'https://api.bilibili.com/x/polymer/web-dynamic/v1/detail?timezone_offset=-480&id=1235228724610203650&features=itemOpusStyle')
2026-08-22 16:59:44,986|line:770| error line:751
2026-08-22 16:59:44,986|line:964| *#*#*#*#*#*#*#*#*#*原动态处理失败*#*#*#*#*#*#*#*#*#
2026-08-22 16:59:44,987|line:950| https://t.bilibili.com/1235895999288836137
2026-08-22 16:59:48,310|line:345| -352
2026-08-22 16:59:52,743|line:345| -352
2026-08-22 16:59:57,090|line:345| -352
2026-08-22 17:00:00,519|line:345| -352
2026-08-22 17:00:05,182|line:345| -352
2026-08-22 17:00:05,182|line:769| ('GET请求失败', 'https://api.bilibili.com/x/polymer/web-dynamic/v1/detail?timezone_offset=-480&id=1235895999288836137&features=itemOpusStyle')
2026-08-22 17:00:05,182|line:770| error line:751
2026-08-22 17:00:05,183|line:964| *#*#*#*#*#*#*#*#*#*原动态处理失败*#*#*#*#*#*#*#*#*#
2026-08-22 17:00:05,183|line:950| https://t.bilibili.com/1237803935478054934
2026-08-22 17:00:05,183|line:952| 已有
2026-08-22 17:00:05,183|line:950| https://t.bilibili.com/1237736345525288965
2026-08-22 17:00:05,183|line:952| 已有
2026-08-22 17:00:05,183|line:950| https://t.bilibili.com/1237737423613460512
2026-08-22 17:00:05,183|line:952| 已有
2026-08-22 17:00:05,183|line:950| https://t.bilibili.com/1238192647185629203
2026-08-22 17:00:05,183|line:952| 已有
2026-08-22 17:00:05,183|line:950| https://t.bilibili.com/1238126345780723718
2026-08-22 17:00:08,763|line:957| 官方 或 预约 OUT！
2026-08-22 17:00:08,764|line:950| https://t.bilibili.com/1238094762690478153
2026-08-22 17:00:08,764|line:952| 已有
2026-08-22 17:00:08,764|line:950| https://t.bilibili.com/1238108135083737089
2026-08-22 17:00:08,764|line:952| 已有
2026-08-22 17:00:08,764|line:950| https://t.bilibili.com/1238125686500098098
2026-08-22 17:00:08,764|line:952| 已有
2026-08-22 17:00:08,764|line:950| https://t.bilibili.com/1238111279016574982
2026-08-22 17:00:08,764|line:952| 已有
2026-08-22 17:00:08,764|line:950| https://t.bilibili.com/1238082597214486560
2026-08-22 17:00:08,764|line:952| 已有
2026-08-22 17:00:08,764|line:950| https://t.bilibili.com/1238205995952373785
2026-08-22 17:00:13,142|line:763| =========此为源动态=========
2026-08-22 17:00:13,142|line:784| *********子动态开始*********
2026-08-22 17:00:18,379|line:814| *********子动态结束*********
2026-08-22 17:00:18,379|line:968| -=-=-=-=处理回最初的动态-=-=-=-=
2026-08-22 17:00:25,596|line:909| 转发成功 1239440051690012694
2026-08-22 17:00:29,046|line:925| 评论发送成功
2026-08-22 17:00:31,960|line:859| 3546386230414031 === 已经关注了
2026-08-22 17:00:35,286|line:934| 动态-点赞 OK
2026-08-22 17:00:39,287|line:950| https://t.bilibili.com/1238554884684382231
2026-08-22 17:00:39,287|line:952| 已有
2026-08-22 17:00:39,287|line:950| https://t.bilibili.com/1238282678287990786
2026-08-22 17:00:43,795|line:957| 官方 或 预约 OUT！
2026-08-22 17:00:43,796|line:950| https://t.bilibili.com/1238973513048522777
2026-08-22 17:00:46,363|line:763| =========此为源动态=========
2026-08-22 17:00:46,363|line:784| *********子动态开始*********
2026-08-22 17:00:57,677|line:814| *********子动态结束*********
2026-08-22 17:00:57,678|line:968| -=-=-=-=处理回最初的动态-=-=-=-=
2026-08-22 17:01:07,878|line:909| 转发成功 1239440232116387864
2026-08-22 17:01:11,373|line:925| 评论发送成功
2026-08-22 17:01:12,739|line:859| 436170053 === 已经关注了
2026-08-22 17:01:16,110|line:934| 动态-点赞 OK
2026-08-22 17:01:19,110|line:950| https://t.bilibili.com/1237335973001429016
2026-08-22 17:01:21,486|line:758| =========此为子动态=========
2026-08-22 17:01:27,275|line:824| *************原动态处理开始***************
2026-08-22 17:01:35,041|line:909| 转发成功 1239440348024930304
2026-08-22 17:01:38,570|line:925| 评论发送成功
2026-08-22 17:01:40,971|line:859| 171086 === 已经关注了
2026-08-22 17:01:44,313|line:934| 动态-点赞 OK
2026-08-22 17:01:44,314|line:831| *************原动态处理完成***************
2026-08-22 17:01:44,314|line:784| *********子动态开始*********
2026-08-22 17:01:59,579|line:800| 恢复子动态 1237335973001429016
2026-08-22 17:02:09,817|line:909| 转发成功 1239440498404360201
2026-08-22 17:02:13,225|line:925| 评论发送成功
2026-08-22 17:02:16,938|line:859| 396808737 === 已经关注了
2026-08-22 17:02:16,938|line:809| ----完成一个子动态----
2026-08-22 17:02:19,578|line:814| *********子动态结束*********
2026-08-22 17:02:22,579|line:950| https://t.bilibili.com/1238093386169188352
2026-08-22 17:02:22,579|line:952| 已有
2026-08-22 17:02:22,579|line:950| https://t.bilibili.com/1238083331692691461
2026-08-22 17:02:25,975|line:957| 官方 或 预约 OUT！
2026-08-22 17:02:25,976|line:983| 执行结束
2026-08-22 17:02:25,976|line:988| 执行失败，错误数量为8
2026-08-22 17:02:25,976|line:990| ==================================================2026-08-23 01:02==================================================
2026-08-22 17:02:25,976|line:453| processing article 52546496
2026-08-22 17:02:26,291|line:417| 获取 Article 结构化正文失败 52546496: -509 请求过于频繁，请稍后再试
2026-08-22 17:02:27,413|line:417| 获取 Article 结构化正文失败 52546496: -509 请求过于频繁，请稍后再试
2026-08-22 17:02:29,361|line:417| 获取 Article 结构化正文失败 52546496: -509 请求过于频繁，请稍后再试
2026-08-22 17:02:32,302|line:938| ==================================================2026-08-23 01:02==================================================
2026-08-22 17:02:32,302|line:950| https://t.bilibili.com/1224854467309993993
2026-08-22 17:02:32,302|line:952| 已有
2026-08-22 17:02:32,302|line:950| https://t.bilibili.com/1225602319919349764
2026-08-22 17:02:32,302|line:952| 已有
2026-08-22 17:02:32,302|line:950| https://t.bilibili.com/1232309469667393556
2026-08-22 17:02:32,302|line:952| 已有
2026-08-22 17:02:32,302|line:950| https://t.bilibili.com/1234410090970218515
2026-08-22 17:02:32,303|line:952| 已有
2026-08-22 17:02:32,303|line:950| https://t.bilibili.com/1238933421621772304
2026-08-22 17:02:35,708|line:763| =========此为源动态=========
2026-08-22 17:02:35,708|line:784| *********子动态开始*********
2026-08-22 17:02:44,882|line:814| *********子动态结束*********
2026-08-22 17:02:44,882|line:968| -=-=-=-=处理回最初的动态-=-=-=-=
2026-08-22 17:02:57,191|line:909| 转发成功 1239440704562790409
2026-08-22 17:03:00,664|line:925| 评论发送成功
2026-08-22 17:03:03,068|line:859| 100680137 === 已经关注了
2026-08-22 17:03:06,451|line:934| 动态-点赞 OK
2026-08-22 17:03:09,451|line:950| https://t.bilibili.com/1238934224785899520
2026-08-22 17:03:11,880|line:763| =========此为源动态=========
2026-08-22 17:03:11,880|line:784| *********子动态开始*********
2026-08-22 17:03:21,196|line:814| *********子动态结束*********
2026-08-22 17:03:21,197|line:968| -=-=-=-=处理回最初的动态-=-=-=-=
2026-08-22 17:03:27,560|line:909| 转发成功 1239440833402372097
2026-08-22 17:03:31,037|line:925| 评论发送成功
2026-08-22 17:03:33,435|line:859| 100680137 === 已经关注了
2026-08-22 17:03:36,837|line:934| 动态-点赞 OK
2026-08-22 17:03:37,837|line:950| https://t.bilibili.com/1238720631806099481
2026-08-22 17:03:42,505|line:763| =========此为源动态=========
2026-08-22 17:03:42,505|line:784| *********子动态开始*********
2026-08-22 17:03:49,027|line:814| *********子动态结束*********
2026-08-22 17:03:49,027|line:968| -=-=-=-=处理回最初的动态-=-=-=-=
2026-08-22 17:03:58,613|line:909| 转发成功 1239440966537969683
2026-08-22 17:04:02,044|line:925| 评论发送成功
2026-08-22 17:04:06,502|line:859| 100680137 === 已经关注了
2026-08-22 17:04:09,920|line:934| 动态-点赞 OK
2026-08-22 17:04:13,920|line:950| https://t.bilibili.com/1238929466005127193
2026-08-22 17:04:18,288|line:763| =========此为源动态=========
2026-08-22 17:04:18,288|line:784| *********子动态开始*********
2026-08-22 17:04:27,662|line:814| *********子动态结束*********
2026-08-22 17:04:27,662|line:968| -=-=-=-=处理回最初的动态-=-=-=-=
2026-08-22 17:04:35,888|line:909| 转发成功 1239441125412962312
2026-08-22 17:04:39,400|line:925| 评论发送成功
2026-08-22 17:04:40,837|line:859| 71555536 === 已经关注了
2026-08-22 17:04:44,169|line:934| 动态-点赞 OK
2026-08-22 17:04:47,169|line:950| https://t.bilibili.com/1238864264076197892
2026-08-22 17:04:49,675|line:763| =========此为源动态=========
2026-08-22 17:04:49,675|line:784| *********子动态开始*********
2026-08-22 17:04:54,885|line:814| *********子动态结束*********
2026-08-22 17:04:54,885|line:968| -=-=-=-=处理回最初的动态-=-=-=-=
2026-08-22 17:05:03,046|line:909| 转发成功 1239441241409585159
2026-08-22 17:05:06,711|line:925| 评论发送成功
2026-08-22 17:05:12,473|line:871| 关注 ==== 3546905330059575 OK
2026-08-22 17:05:15,855|line:934| 动态-点赞 OK
2026-08-22 17:05:19,856|line:950| https://t.bilibili.com/1238923809547878402
2026-08-22 17:05:23,175|line:345| -352
2026-08-22 17:05:27,628|line:345| -352
2026-08-22 17:05:29,938|line:345| -352
2026-08-22 17:05:32,290|line:345| -352
2026-08-22 17:05:36,680|line:957| 官方 或 预约 OUT！
2026-08-22 17:05:36,681|line:950| https://t.bilibili.com/1238928954915553304
2026-08-22 17:05:38,036|line:345| -352
2026-08-22 17:05:40,380|line:345| -352
2026-08-22 17:05:41,722|line:345| -352
2026-08-22 17:05:45,067|line:345| -352
2026-08-22 17:05:49,438|line:345| -352
2026-08-22 17:05:49,438|line:769| ('GET请求失败', 'https://api.bilibili.com/x/polymer/web-dynamic/v1/detail?timezone_offset=-480&id=1238928954915553304&features=itemOpusStyle')
2026-08-22 17:05:49,438|line:770| error line:751
2026-08-22 17:05:49,439|line:964| *#*#*#*#*#*#*#*#*#*原动态处理失败*#*#*#*#*#*#*#*#*#
2026-08-22 17:05:49,440|line:950| https://t.bilibili.com/1238848875241930752
2026-08-22 17:05:53,751|line:345| -352
2026-08-22 17:05:57,167|line:345| -352
2026-08-22 17:05:58,482|line:345| -352
2026-08-22 17:06:02,805|line:345| -352
2026-08-22 17:06:07,150|line:345| -352
2026-08-22 17:06:07,151|line:769| ('GET请求失败', 'https://api.bilibili.com/x/polymer/web-dynamic/v1/detail?timezone_offset=-480&id=1238848875241930752&features=itemOpusStyle')
2026-08-22 17:06:07,151|line:770| error line:751
2026-08-22 17:06:07,151|line:964| *#*#*#*#*#*#*#*#*#*原动态处理失败*#*#*#*#*#*#*#*#*#
2026-08-22 17:06:07,151|line:950| https://t.bilibili.com/1238916065675706370
2026-08-22 17:06:09,466|line:345| -352
2026-08-22 17:06:12,827|line:345| -352
2026-08-22 17:06:14,197|line:345| -352
2026-08-22 17:06:16,530|line:345| -352
2026-08-22 17:06:18,915|line:345| -352
2026-08-22 17:06:18,916|line:769| ('GET请求失败', 'https://api.bilibili.com/x/polymer/web-dynamic/v1/detail?timezone_offset=-480&id=1238916065675706370&features=itemOpusStyle')
2026-08-22 17:06:18,916|line:770| error line:751
2026-08-22 17:06:18,916|line:964| *#*#*#*#*#*#*#*#*#*原动态处理失败*#*#*#*#*#*#*#*#*#
2026-08-22 17:06:18,917|line:950| https://t.bilibili.com/1238919372824641561
2026-08-22 17:06:20,242|line:345| -352
2026-08-22 17:06:21,583|line:345| -352
2026-08-22 17:06:22,905|line:345| -352
2026-08-22 17:06:27,229|line:345| -352
2026-08-22 17:06:30,599|line:345| -352
2026-08-22 17:06:30,599|line:769| ('GET请求失败', 'https://api.bilibili.com/x/polymer/web-dynamic/v1/detail?timezone_offset=-480&id=1238919372824641561&features=itemOpusStyle')
2026-08-22 17:06:30,599|line:770| error line:751
2026-08-22 17:06:30,600|line:964| *#*#*#*#*#*#*#*#*#*原动态处理失败*#*#*#*#*#*#*#*#*#
2026-08-22 17:06:30,601|line:950| https://t.bilibili.com/1238906453549383688
2026-08-22 17:06:33,904|line:345| -352
2026-08-22 17:06:37,239|line:345| -352
2026-08-22 17:06:38,585|line:345| -352
2026-08-22 17:06:42,934|line:345| -352
2026-08-22 17:06:46,254|line:345| -352
2026-08-22 17:06:46,255|line:769| ('GET请求失败', 'https://api.bilibili.com/x/polymer/web-dynamic/v1/detail?timezone_offset=-480&id=1238906453549383688&features=itemOpusStyle')
2026-08-22 17:06:46,255|line:770| error line:751
2026-08-22 17:06:46,255|line:964| *#*#*#*#*#*#*#*#*#*原动态处理失败*#*#*#*#*#*#*#*#*#
2026-08-22 17:06:46,256|line:950| https://t.bilibili.com/1238905817882689561
2026-08-22 17:06:49,728|line:345| -352
2026-08-22 17:06:52,035|line:345| -352
2026-08-22 17:06:55,389|line:345| -352
2026-08-22 17:06:58,886|line:345| -352
2026-08-22 17:07:02,247|line:345| -352
2026-08-22 17:07:02,248|line:769| ('GET请求失败', 'https://api.bilibili.com/x/polymer/web-dynamic/v1/detail?timezone_offset=-480&id=1238905817882689561&features=itemOpusStyle')
2026-08-22 17:07:02,248|line:770| error line:751
2026-08-22 17:07:02,248|line:964| *#*#*#*#*#*#*#*#*#*原动态处理失败*#*#*#*#*#*#*#*#*#
2026-08-22 17:07:02,249|line:950| https://t.bilibili.com/1238920055733878802
2026-08-22 17:07:04,586|line:345| -352
2026-08-22 17:07:06,910|line:345| -352
2026-08-22 17:07:10,235|line:345| -352
2026-08-22 17:07:14,572|line:345| -352
2026-08-22 17:07:15,926|line:345| -352
2026-08-22 17:07:15,926|line:769| ('GET请求失败', 'https://api.bilibili.com/x/polymer/web-dynamic/v1/detail?timezone_offset=-480&id=1238920055733878802&features=itemOpusStyle')
2026-08-22 17:07:15,927|line:770| error line:751
2026-08-22 17:07:15,927|line:964| *#*#*#*#*#*#*#*#*#*原动态处理失败*#*#*#*#*#*#*#*#*#
2026-08-22 17:07:15,927|line:950| https://t.bilibili.com/1238910834428608513
2026-08-22 17:07:18,266|line:345| -352
2026-08-22 17:07:21,591|line:345| -352
2026-08-22 17:07:22,947|line:345| -352
2026-08-22 17:07:24,271|line:345| -352
2026-08-22 17:07:26,652|line:345| -352
2026-08-22 17:07:26,652|line:769| ('GET请求失败', 'https://api.bilibili.com/x/polymer/web-dynamic/v1/detail?timezone_offset=-480&id=1238910834428608513&features=itemOpusStyle')
2026-08-22 17:07:26,652|line:770| error line:751
2026-08-22 17:07:26,653|line:964| *#*#*#*#*#*#*#*#*#*原动态处理失败*#*#*#*#*#*#*#*#*#
2026-08-22 17:07:26,653|line:950| https://t.bilibili.com/1238898780617572352
2026-08-22 17:07:30,961|line:345| -352
2026-08-22 17:07:35,285|line:345| -352
2026-08-22 17:07:38,752|line:345| -352
2026-08-22 17:07:40,098|line:345| -352
2026-08-22 17:07:41,412|line:345| -352
2026-08-22 17:07:41,412|line:769| ('GET请求失败', 'https://api.bilibili.com/x/polymer/web-dynamic/v1/detail?timezone_offset=-480&id=1238898780617572352&features=itemOpusStyle')
2026-08-22 17:07:41,412|line:770| error line:751
2026-08-22 17:07:41,413|line:964| *#*#*#*#*#*#*#*#*#*原动态处理失败*#*#*#*#*#*#*#*#*#
2026-08-22 17:07:41,413|line:950| https://t.bilibili.com/1238900281707593735
2026-08-22 17:07:42,826|line:345| -352
2026-08-22 17:07:45,174|line:345| -352
2026-08-22 17:07:47,489|line:345| -352
2026-08-22 17:07:48,911|line:345| -352
2026-08-22 17:07:52,260|line:345| -352
2026-08-22 17:07:52,260|line:769| ('GET请求失败', 'https://api.bilibili.com/x/polymer/web-dynamic/v1/detail?timezone_offset=-480&id=1238900281707593735&features=itemOpusStyle')
2026-08-22 17:07:52,260|line:770| error line:751
2026-08-22 17:07:52,260|line:964| *#*#*#*#*#*#*#*#*#*原动态处理失败*#*#*#*#*#*#*#*#*#
2026-08-22 17:07:52,261|line:950| https://t.bilibili.com/1238906114279473158
2026-08-22 17:07:53,595|line:345| -352
2026-08-22 17:07:54,931|line:345| -352
2026-08-22 17:07:56,319|line:345| -352
2026-08-22 17:07:59,662|line:345| -352
2026-08-22 17:08:00,982|line:345| -352
2026-08-22 17:08:00,982|line:769| ('GET请求失败', 'https://api.bilibili.com/x/polymer/web-dynamic/v1/detail?timezone_offset=-480&id=1238906114279473158&features=itemOpusStyle')
2026-08-22 17:08:00,982|line:770| error line:751
2026-08-22 17:08:00,983|line:964| *#*#*#*#*#*#*#*#*#*原动态处理失败*#*#*#*#*#*#*#*#*#
2026-08-22 17:08:00,983|line:950| https://t.bilibili.com/1238900715466784823
2026-08-22 17:08:03,326|line:345| -352
2026-08-22 17:08:04,643|line:345| -352
2026-08-22 17:08:08,027|line:345| -352
2026-08-22 17:08:10,360|line:345| -352
2026-08-22 17:08:14,675|line:345| -352
2026-08-22 17:08:14,675|line:769| ('GET请求失败', 'https://api.bilibili.com/x/polymer/web-dynamic/v1/detail?timezone_offset=-480&id=1238900715466784823&features=itemOpusStyle')
2026-08-22 17:08:14,675|line:770| error line:751
2026-08-22 17:08:14,676|line:964| *#*#*#*#*#*#*#*#*#*原动态处理失败*#*#*#*#*#*#*#*#*#
2026-08-22 17:08:14,676|line:950| https://t.bilibili.com/1238888796938829827
2026-08-22 17:08:19,098|line:345| -352
2026-08-22 17:08:20,448|line:345| -352
2026-08-22 17:08:23,761|line:345| -352
2026-08-22 17:08:28,068|line:345| -352
2026-08-22 17:08:30,382|line:345| -352
2026-08-22 17:08:30,382|line:769| ('GET请求失败', 'https://api.bilibili.com/x/polymer/web-dynamic/v1/detail?timezone_offset=-480&id=1238888796938829827&features=itemOpusStyle')
2026-08-22 17:08:30,382|line:770| error line:751
2026-08-22 17:08:30,382|line:964| *#*#*#*#*#*#*#*#*#*原动态处理失败*#*#*#*#*#*#*#*#*#
2026-08-22 17:08:30,383|line:950| https://t.bilibili.com/1238898780563046454
2026-08-22 17:08:31,699|line:345| -352
2026-08-22 17:08:33,227|line:345| -352
2026-08-22 17:08:35,576|line:345| -352
2026-08-22 17:08:39,889|line:345| -352
2026-08-22 17:08:43,265|line:345| -352
2026-08-22 17:08:43,265|line:769| ('GET请求失败', 'https://api.bilibili.com/x/polymer/web-dynamic/v1/detail?timezone_offset=-480&id=1238898780563046454&features=itemOpusStyle')
2026-08-22 17:08:43,265|line:770| error line:751
2026-08-22 17:08:43,266|line:964| *#*#*#*#*#*#*#*#*#*原动态处理失败*#*#*#*#*#*#*#*#*#
2026-08-22 17:08:43,266|line:950| https://t.bilibili.com/1237723675407417360
2026-08-22 17:08:44,580|line:345| -352
2026-08-22 17:08:47,899|line:345| -352
2026-08-22 17:08:50,220|line:345| -352
2026-08-22 17:08:51,531|line:345| -352
2026-08-22 17:08:52,898|line:345| -352
2026-08-22 17:08:52,898|line:769| ('GET请求失败', 'https://api.bilibili.com/x/polymer/web-dynamic/v1/detail?timezone_offset=-480&id=1237723675407417360&features=itemOpusStyle')
2026-08-22 17:08:52,898|line:770| error line:751
2026-08-22 17:08:52,899|line:964| *#*#*#*#*#*#*#*#*#*原动态处理失败*#*#*#*#*#*#*#*#*#
2026-08-22 17:08:52,899|line:950| https://t.bilibili.com/1238869890522152968
2026-08-22 17:08:57,219|line:345| -352
2026-08-22 17:08:58,599|line:345| -352
2026-08-22 17:09:00,950|line:345| -352
2026-08-22 17:09:05,277|line:345| -352
2026-08-22 17:09:09,608|line:345| -352
2026-08-22 17:09:09,608|line:769| ('GET请求失败', 'https://api.bilibili.com/x/polymer/web-dynamic/v1/detail?timezone_offset=-480&id=1238869890522152968&features=itemOpusStyle')
2026-08-22 17:09:09,608|line:770| error line:751
2026-08-22 17:09:09,609|line:964| *#*#*#*#*#*#*#*#*#*原动态处理失败*#*#*#*#*#*#*#*#*#
2026-08-22 17:09:09,609|line:950| https://t.bilibili.com/1238838515759841288
2026-08-22 17:09:10,944|line:345| -352
2026-08-22 17:09:12,292|line:345| -352
2026-08-22 17:09:14,737|line:345| -352
2026-08-22 17:09:17,082|line:345| -352
2026-08-22 17:09:18,397|line:345| -352
2026-08-22 17:09:18,397|line:769| ('GET请求失败', 'https://api.bilibili.com/x/polymer/web-dynamic/v1/detail?timezone_offset=-480&id=1238838515759841288&features=itemOpusStyle')
2026-08-22 17:09:18,397|line:770| error line:751
2026-08-22 17:09:18,398|line:964| *#*#*#*#*#*#*#*#*#*原动态处理失败*#*#*#*#*#*#*#*#*#
2026-08-22 17:09:18,398|line:950| https://t.bilibili.com/1238860125867868163
2026-08-22 17:09:19,715|line:345| -352
2026-08-22 17:09:24,077|line:345| -352
2026-08-22 17:09:28,387|line:345| -352
2026-08-22 17:09:31,730|line:345| -352
2026-08-22 17:09:36,058|line:345| -352
2026-08-22 17:09:36,059|line:769| ('GET请求失败', 'https://api.bilibili.com/x/polymer/web-dynamic/v1/detail?timezone_offset=-480&id=1238860125867868163&features=itemOpusStyle')
2026-08-22 17:09:36,059|line:770| error line:751
2026-08-22 17:09:36,060|line:964| *#*#*#*#*#*#*#*#*#*原动态处理失败*#*#*#*#*#*#*#*#*#
2026-08-22 17:09:36,060|line:950| https://t.bilibili.com/1238836930904326177
2026-08-22 17:09:39,655|line:345| -352
2026-08-22 17:09:44,003|line:345| -352
2026-08-22 17:09:47,328|line:345| -352
2026-08-22 17:09:51,641|line:345| -352
2026-08-22 17:09:54,976|line:345| -352
2026-08-22 17:09:54,977|line:769| ('GET请求失败', 'https://api.bilibili.com/x/polymer/web-dynamic/v1/detail?timezone_offset=-480&id=1238836930904326177&features=itemOpusStyle')
2026-08-22 17:09:54,977|line:770| error line:751
2026-08-22 17:09:54,977|line:964| *#*#*#*#*#*#*#*#*#*原动态处理失败*#*#*#*#*#*#*#*#*#
2026-08-22 17:09:54,978|line:950| https://t.bilibili.com/1238859256150622211
2026-08-22 17:09:57,321|line:345| -352
2026-08-22 17:09:59,683|line:345| -352
2026-08-22 17:10:02,054|line:345| -352
2026-08-22 17:10:03,380|line:345| -352
2026-08-22 17:10:04,697|line:345| -352
2026-08-22 17:10:04,697|line:769| ('GET请求失败', 'https://api.bilibili.com/x/polymer/web-dynamic/v1/detail?timezone_offset=-480&id=1238859256150622211&features=itemOpusStyle')
2026-08-22 17:10:04,697|line:770| error line:751
2026-08-22 17:10:04,698|line:964| *#*#*#*#*#*#*#*#*#*原动态处理失败*#*#*#*#*#*#*#*#*#
2026-08-22 17:10:04,698|line:950| https://t.bilibili.com/1238853350551715875
2026-08-22 17:10:09,039|line:345| -352
2026-08-22 17:10:11,391|line:345| -352
2026-08-22 17:10:14,714|line:345| -352
2026-08-22 17:10:16,049|line:345| -352
2026-08-22 17:10:17,402|line:345| -352
2026-08-22 17:10:17,403|line:769| ('GET请求失败', 'https://api.bilibili.com/x/polymer/web-dynamic/v1/detail?timezone_offset=-480&id=1238853350551715875&features=itemOpusStyle')
2026-08-22 17:10:17,403|line:770| error line:751
2026-08-22 17:10:17,404|line:964| *#*#*#*#*#*#*#*#*#*原动态处理失败*#*#*#*#*#*#*#*#*#
2026-08-22 17:10:17,404|line:950| https://t.bilibili.com/1238848295419248693
2026-08-22 17:10:20,739|line:345| -352
2026-08-22 17:10:25,076|line:345| -352
2026-08-22 17:10:26,428|line:345| -352
2026-08-22 17:10:30,750|line:345| -352
2026-08-22 17:10:33,097|line:345| -352
2026-08-22 17:10:33,097|line:769| ('GET请求失败', 'https://api.bilibili.com/x/polymer/web-dynamic/v1/detail?timezone_offset=-480&id=1238848295419248693&features=itemOpusStyle')
2026-08-22 17:10:33,097|line:770| error line:751
2026-08-22 17:10:33,098|line:964| *#*#*#*#*#*#*#*#*#*原动态处理失败*#*#*#*#*#*#*#*#*#
2026-08-22 17:10:33,098|line:950| https://t.bilibili.com/1238847870203854849
2026-08-22 17:10:34,430|line:345| -352
2026-08-22 17:10:38,750|line:345| -352
2026-08-22 17:10:41,098|line:345| -352
2026-08-22 17:10:43,416|line:345| -352
2026-08-22 17:10:44,858|line:345| -352
2026-08-22 17:10:44,859|line:769| ('GET请求失败', 'https://api.bilibili.com/x/polymer/web-dynamic/v1/detail?timezone_offset=-480&id=1238847870203854849&features=itemOpusStyle')
2026-08-22 17:10:44,859|line:770| error line:751
2026-08-22 17:10:44,859|line:964| *#*#*#*#*#*#*#*#*#*原动态处理失败*#*#*#*#*#*#*#*#*#
2026-08-22 17:10:44,860|line:950| https://t.bilibili.com/1238211381832974392
2026-08-22 17:10:47,236|line:345| -352
2026-08-22 17:10:49,586|line:345| -352
2026-08-22 17:10:50,960|line:345| -352
2026-08-22 17:10:53,281|line:345| -352
2026-08-22 17:10:54,631|line:345| -352
2026-08-22 17:10:54,631|line:769| ('GET请求失败', 'https://api.bilibili.com/x/polymer/web-dynamic/v1/detail?timezone_offset=-480&id=1238211381832974392&features=itemOpusStyle')
2026-08-22 17:10:54,631|line:770| error line:751
2026-08-22 17:10:54,632|line:964| *#*#*#*#*#*#*#*#*#*原动态处理失败*#*#*#*#*#*#*#*#*#
2026-08-22 17:10:54,632|line:950| https://t.bilibili.com/1238537850859814921
2026-08-22 17:10:57,965|line:345| -352
2026-08-22 17:11:02,286|line:345| -352
2026-08-22 17:11:04,598|line:345| -352
2026-08-22 17:11:05,937|line:345| -352
2026-08-22 17:11:07,286|line:345| -352
2026-08-22 17:11:07,286|line:769| ('GET请求失败', 'https://api.bilibili.com/x/polymer/web-dynamic/v1/detail?timezone_offset=-480&id=1238537850859814921&features=itemOpusStyle')
2026-08-22 17:11:07,286|line:770| error line:751
2026-08-22 17:11:07,287|line:964| *#*#*#*#*#*#*#*#*#*原动态处理失败*#*#*#*#*#*#*#*#*#
2026-08-22 17:11:07,287|line:950| https://t.bilibili.com/1238434924107661352
2026-08-22 17:11:08,624|line:345| -352
2026-08-22 17:11:11,951|line:345| -352
2026-08-22 17:11:15,292|line:345| -352
2026-08-22 17:11:17,604|line:345| -352
2026-08-22 17:11:22,010|line:345| -352
2026-08-22 17:11:22,010|line:769| ('GET请求失败', 'https://api.bilibili.com/x/polymer/web-dynamic/v1/detail?timezone_offset=-480&id=1238434924107661352&features=itemOpusStyle')
2026-08-22 17:11:22,010|line:770| error line:751
2026-08-22 17:11:22,011|line:964| *#*#*#*#*#*#*#*#*#*原动态处理失败*#*#*#*#*#*#*#*#*#
2026-08-22 17:11:22,011|line:950| https://t.bilibili.com/1238125686509535240
2026-08-22 17:11:25,383|line:345| -352
2026-08-22 17:11:26,700|line:345| -352
2026-08-22 17:11:29,034|line:345| -352
2026-08-22 17:11:32,423|line:345| -352
2026-08-22 17:11:33,783|line:345| -352
2026-08-22 17:11:33,783|line:769| ('GET请求失败', 'https://api.bilibili.com/x/polymer/web-dynamic/v1/detail?timezone_offset=-480&id=1238125686509535240&features=itemOpusStyle')
2026-08-22 17:11:33,783|line:770| error line:751
2026-08-22 17:11:33,784|line:964| *#*#*#*#*#*#*#*#*#*原动态处理失败*#*#*#*#*#*#*#*#*#
2026-08-22 17:11:33,785|line:950| https://t.bilibili.com/1238605990511771681
2026-08-22 17:11:37,131|line:345| -352
2026-08-22 17:11:38,444|line:345| -352
2026-08-22 17:11:41,888|line:345| -352
2026-08-22 17:11:44,238|line:345| -352
2026-08-22 17:11:45,698|line:345| -352
2026-08-22 17:11:45,698|line:769| ('GET请求失败', 'https://api.bilibili.com/x/polymer/web-dynamic/v1/detail?timezone_offset=-480&id=1238605990511771681&features=itemOpusStyle')
2026-08-22 17:11:45,698|line:770| error line:751
2026-08-22 17:11:45,699|line:964| *#*#*#*#*#*#*#*#*#*原动态处理失败*#*#*#*#*#*#*#*#*#
2026-08-22 17:11:45,699|line:950| https://t.bilibili.com/1238929775223898112
2026-08-22 17:11:47,153|line:345| -352
2026-08-22 17:11:51,700|line:345| -352
2026-08-22 17:11:54,065|line:345| -352
2026-08-22 17:11:56,558|line:345| -352
2026-08-22 17:11:59,920|line:345| -352
2026-08-22 17:11:59,920|line:769| ('GET请求失败', 'https://api.bilibili.com/x/polymer/web-dynamic/v1/detail?timezone_offset=-480&id=1238929775223898112&features=itemOpusStyle')
2026-08-22 17:11:59,920|line:770| error line:751
2026-08-22 17:11:59,921|line:964| *#*#*#*#*#*#*#*#*#*原动态处理失败*#*#*#*#*#*#*#*#*#
2026-08-22 17:11:59,921|line:950| https://t.bilibili.com/1238898780588212228
2026-08-22 17:12:01,267|line:345| -352
2026-08-22 17:12:05,655|line:345| -352
2026-08-22 17:12:08,966|line:345| -352
2026-08-22 17:12:13,302|line:345| -352
2026-08-22 17:12:16,654|line:345| -352
2026-08-22 17:12:16,654|line:769| ('GET请求失败', 'https://api.bilibili.com/x/polymer/web-dynamic/v1/detail?timezone_offset=-480&id=1238898780588212228&features=itemOpusStyle')
2026-08-22 17:12:16,654|line:770| error line:751
2026-08-22 17:12:16,655|line:964| *#*#*#*#*#*#*#*#*#*原动态处理失败*#*#*#*#*#*#*#*#*#
2026-08-22 17:12:16,655|line:950| https://t.bilibili.com/1238878175462686757
2026-08-22 17:12:19,039|line:345| -352
2026-08-22 17:12:21,476|line:345| -352
2026-08-22 17:12:25,817|line:345| -352
2026-08-22 17:12:29,138|line:345| -352
2026-08-22 17:12:33,486|line:345| -352
2026-08-22 17:12:33,486|line:769| ('GET请求失败', 'https://api.bilibili.com/x/polymer/web-dynamic/v1/detail?timezone_offset=-480&id=1238878175462686757&features=itemOpusStyle')
2026-08-22 17:12:33,486|line:770| error line:751
2026-08-22 17:12:33,487|line:964| *#*#*#*#*#*#*#*#*#*原动态处理失败*#*#*#*#*#*#*#*#*#
2026-08-22 17:12:33,488|line:950| https://t.bilibili.com/1238963976070496291
2026-08-22 17:12:36,835|line:345| -352
2026-08-22 17:12:41,143|line:345| -352
2026-08-22 17:12:45,500|line:345| -352
2026-08-22 17:12:47,813|line:345| -352
2026-08-22 17:12:52,283|line:345| -352
2026-08-22 17:12:52,283|line:769| ('GET请求失败', 'https://api.bilibili.com/x/polymer/web-dynamic/v1/detail?timezone_offset=-480&id=1238963976070496291&features=itemOpusStyle')
2026-08-22 17:12:52,283|line:770| error line:751
2026-08-22 17:12:52,284|line:964| *#*#*#*#*#*#*#*#*#*原动态处理失败*#*#*#*#*#*#*#*#*#
2026-08-22 17:12:52,284|line:950| https://t.bilibili.com/1238968359062601735
2026-08-22 17:12:53,627|line:345| -352
2026-08-22 17:12:58,025|line:345| -352
2026-08-22 17:12:59,387|line:345| -352
2026-08-22 17:13:03,705|line:345| -352
2026-08-22 17:13:08,025|line:345| -352
2026-08-22 17:13:08,026|line:769| ('GET请求失败', 'https://api.bilibili.com/x/polymer/web-dynamic/v1/detail?timezone_offset=-480&id=1238968359062601735&features=itemOpusStyle')
2026-08-22 17:13:08,026|line:770| error line:751
2026-08-22 17:13:08,027|line:964| *#*#*#*#*#*#*#*#*#*原动态处理失败*#*#*#*#*#*#*#*#*#
2026-08-22 17:13:08,027|line:950| https://t.bilibili.com/1238968359091961878
2026-08-22 17:13:10,370|line:345| -352
2026-08-22 17:13:12,709|line:345| -352
2026-08-22 17:13:15,029|line:345| -352
2026-08-22 17:13:18,370|line:345| -352
2026-08-22 17:13:19,840|line:345| -352
2026-08-22 17:13:19,840|line:769| ('GET请求失败', 'https://api.bilibili.com/x/polymer/web-dynamic/v1/detail?timezone_offset=-480&id=1238968359091961878&features=itemOpusStyle')
2026-08-22 17:13:19,840|line:770| error line:751
2026-08-22 17:13:19,841|line:964| *#*#*#*#*#*#*#*#*#*原动态处理失败*#*#*#*#*#*#*#*#*#
2026-08-22 17:13:19,841|line:950| https://t.bilibili.com/1238950240726286345
2026-08-22 17:13:21,195|line:345| -352
2026-08-22 17:13:22,517|line:345| -352
2026-08-22 17:13:24,826|line:345| -352
2026-08-22 17:13:27,160|line:345| -352
2026-08-22 17:13:28,463|line:345| -352
2026-08-22 17:13:28,463|line:769| ('GET请求失败', 'https://api.bilibili.com/x/polymer/web-dynamic/v1/detail?timezone_offset=-480&id=1238950240726286345&features=itemOpusStyle')
2026-08-22 17:13:28,464|line:770| error line:751
2026-08-22 17:13:28,464|line:964| *#*#*#*#*#*#*#*#*#*原动态处理失败*#*#*#*#*#*#*#*#*#
2026-08-22 17:13:28,465|line:950| https://t.bilibili.com/1238979382118187012
2026-08-22 17:13:29,810|line:345| -352
2026-08-22 17:13:31,134|line:345| -352
2026-08-22 17:13:34,447|line:345| -352
2026-08-22 17:13:35,788|line:345| -352
2026-08-22 17:13:38,097|line:345| -352
2026-08-22 17:13:38,098|line:769| ('GET请求失败', 'https://api.bilibili.com/x/polymer/web-dynamic/v1/detail?timezone_offset=-480&id=1238979382118187012&features=itemOpusStyle')
2026-08-22 17:13:38,098|line:770| error line:751
2026-08-22 17:13:38,098|line:964| *#*#*#*#*#*#*#*#*#*原动态处理失败*#*#*#*#*#*#*#*#*#
2026-08-22 17:13:38,099|line:950| https://t.bilibili.com/1238958573010026519
2026-08-22 17:13:41,443|line:345| -352
2026-08-22 17:13:44,762|line:345| -352
2026-08-22 17:13:48,114|line:345| -352
2026-08-22 17:13:51,433|line:345| -352
2026-08-22 17:13:55,862|line:345| -352
2026-08-22 17:13:55,862|line:769| ('GET请求失败', 'https://api.bilibili.com/x/polymer/web-dynamic/v1/detail?timezone_offset=-480&id=1238958573010026519&features=itemOpusStyle')
2026-08-22 17:13:55,862|line:770| error line:751
2026-08-22 17:13:55,863|line:964| *#*#*#*#*#*#*#*#*#*原动态处理失败*#*#*#*#*#*#*#*#*#
2026-08-22 17:13:55,863|line:950| https://t.bilibili.com/1238973513048522777
2026-08-22 17:13:55,863|line:952| 已有
2026-08-22 17:13:55,863|line:950| https://t.bilibili.com/1238996304272556041
2026-08-22 17:13:58,186|line:345| -352
2026-08-22 17:13:59,503|line:345| -352
2026-08-22 17:14:02,830|line:345| -352
2026-08-22 17:14:04,159|line:345| -352
2026-08-22 17:14:08,471|line:345| -352
2026-08-22 17:14:08,471|line:769| ('GET请求失败', 'https://api.bilibili.com/x/polymer/web-dynamic/v1/detail?timezone_offset=-480&id=1238996304272556041&features=itemOpusStyle')
2026-08-22 17:14:08,471|line:770| error line:751
2026-08-22 17:14:08,472|line:964| *#*#*#*#*#*#*#*#*#*原动态处理失败*#*#*#*#*#*#*#*#*#
2026-08-22 17:14:08,472|line:950| https://t.bilibili.com/1238992967065141249
2026-08-22 17:14:12,894|line:345| -352
2026-08-22 17:14:17,245|line:345| -352
2026-08-22 17:14:18,589|line:345| -352
2026-08-22 17:14:20,900|line:345| -352
2026-08-22 17:14:23,249|line:345| -352
2026-08-22 17:14:23,250|line:769| ('GET请求失败', 'https://api.bilibili.com/x/polymer/web-dynamic/v1/detail?timezone_offset=-480&id=1238992967065141249&features=itemOpusStyle')
2026-08-22 17:14:23,250|line:770| error line:751
2026-08-22 17:14:23,250|line:964| *#*#*#*#*#*#*#*#*#*原动态处理失败*#*#*#*#*#*#*#*#*#
2026-08-22 17:14:23,251|line:950| https://t.bilibili.com/1238955042511257634
2026-08-22 17:14:27,570|line:345| -352
2026-08-22 17:14:28,886|line:345| -352
2026-08-22 17:14:31,215|line:345| -352
2026-08-22 17:14:35,531|line:345| -352
2026-08-22 17:14:38,873|line:345| -352
2026-08-22 17:14:38,873|line:769| ('GET请求失败', 'https://api.bilibili.com/x/polymer/web-dynamic/v1/detail?timezone_offset=-480&id=1238955042511257634&features=itemOpusStyle')
2026-08-22 17:14:38,873|line:770| error line:751
2026-08-22 17:14:38,874|line:964| *#*#*#*#*#*#*#*#*#*原动态处理失败*#*#*#*#*#*#*#*#*#
2026-08-22 17:14:38,875|line:950| https://t.bilibili.com/1238952897211793412
2026-08-22 17:14:40,213|line:345| -352
2026-08-22 17:14:43,616|line:345| -352
2026-08-22 17:14:47,964|line:345| -352
2026-08-22 17:14:52,312|line:345| -352
2026-08-22 17:14:53,618|line:345| -352
2026-08-22 17:14:53,618|line:769| ('GET请求失败', 'https://api.bilibili.com/x/polymer/web-dynamic/v1/detail?timezone_offset=-480&id=1238952897211793412&features=itemOpusStyle')
2026-08-22 17:14:53,618|line:770| error line:751
2026-08-22 17:14:53,619|line:964| *#*#*#*#*#*#*#*#*#*原动态处理失败*#*#*#*#*#*#*#*#*#
2026-08-22 17:14:53,619|line:950| https://t.bilibili.com/1238964493587841028
2026-08-22 17:14:56,086|line:345| -352
2026-08-22 17:14:58,433|line:345| -352
2026-08-22 17:14:59,768|line:345| -352
2026-08-22 17:15:02,079|line:345| -352
2026-08-22 17:15:06,425|line:345| -352
2026-08-22 17:15:06,425|line:769| ('GET请求失败', 'https://api.bilibili.com/x/polymer/web-dynamic/v1/detail?timezone_offset=-480&id=1238964493587841028&features=itemOpusStyle')
2026-08-22 17:15:06,425|line:770| error line:751
2026-08-22 17:15:06,426|line:964| *#*#*#*#*#*#*#*#*#*原动态处理失败*#*#*#*#*#*#*#*#*#
2026-08-22 17:15:06,426|line:950| https://t.bilibili.com/1238956762624688135
2026-08-22 17:15:07,769|line:345| -352
2026-08-22 17:15:12,138|line:345| -352
2026-08-22 17:15:13,552|line:345| -352
2026-08-22 17:15:17,924|line:345| -352
2026-08-22 17:15:20,434|line:345| -352
2026-08-22 17:15:20,434|line:769| ('GET请求失败', 'https://api.bilibili.com/x/polymer/web-dynamic/v1/detail?timezone_offset=-480&id=1238956762624688135&features=itemOpusStyle')
2026-08-22 17:15:20,434|line:770| error line:751
2026-08-22 17:15:20,435|line:964| *#*#*#*#*#*#*#*#*#*原动态处理失败*#*#*#*#*#*#*#*#*#
2026-08-22 17:15:20,435|line:950| https://t.bilibili.com/1238968359096156160
2026-08-22 17:15:21,789|line:345| -352
2026-08-22 17:15:25,096|line:345| -352
2026-08-22 17:15:28,439|line:345| -352
2026-08-22 17:15:29,756|line:345| -352
2026-08-22 17:15:34,460|line:345| -352
2026-08-22 17:15:34,460|line:769| ('GET请求失败', 'https://api.bilibili.com/x/polymer/web-dynamic/v1/detail?timezone_offset=-480&id=1238968359096156160&features=itemOpusStyle')
2026-08-22 17:15:34,461|line:770| error line:751
2026-08-22 17:15:34,461|line:964| *#*#*#*#*#*#*#*#*#*原动态处理失败*#*#*#*#*#*#*#*#*#
2026-08-22 17:15:34,462|line:950| https://t.bilibili.com/1238940662957604871
2026-08-22 17:15:37,803|line:345| -352
2026-08-22 17:15:41,126|line:345| -352
2026-08-22 17:15:42,489|line:345| -352
2026-08-22 17:15:43,865|line:345| -352
2026-08-22 17:15:46,261|line:345| -352
2026-08-22 17:15:46,261|line:769| ('GET请求失败', 'https://api.bilibili.com/x/polymer/web-dynamic/v1/detail?timezone_offset=-480&id=1238940662957604871&features=itemOpusStyle')
2026-08-22 17:15:46,261|line:770| error line:751
2026-08-22 17:15:46,262|line:964| *#*#*#*#*#*#*#*#*#*原动态处理失败*#*#*#*#*#*#*#*#*#
2026-08-22 17:15:46,262|line:950| https://t.bilibili.com/1238977445065916421
2026-08-22 17:15:50,645|line:345| -352
2026-08-22 17:15:54,012|line:345| -352
2026-08-22 17:15:57,485|line:345| -352
2026-08-22 17:15:58,897|line:345| -352
2026-08-22 17:16:02,408|line:345| -352
2026-08-22 17:16:02,408|line:769| ('GET请求失败', 'https://api.bilibili.com/x/polymer/web-dynamic/v1/detail?timezone_offset=-480&id=1238977445065916421&features=itemOpusStyle')
2026-08-22 17:16:02,408|line:770| error line:751
2026-08-22 17:16:02,409|line:964| *#*#*#*#*#*#*#*#*#*原动态处理失败*#*#*#*#*#*#*#*#*#
2026-08-22 17:16:02,409|line:950| https://t.bilibili.com/1238950708908130313
2026-08-22 17:16:05,894|line:345| -352
2026-08-22 17:16:10,223|line:345| -352
2026-08-22 17:16:14,616|line:345| -352
2026-08-22 17:16:16,103|line:345| -352
2026-08-22 17:16:17,412|line:345| -352
2026-08-22 17:16:17,412|line:769| ('GET请求失败', 'https://api.bilibili.com/x/polymer/web-dynamic/v1/detail?timezone_offset=-480&id=1238950708908130313&features=itemOpusStyle')
2026-08-22 17:16:17,412|line:770| error line:751
2026-08-22 17:16:17,413|line:964| *#*#*#*#*#*#*#*#*#*原动态处理失败*#*#*#*#*#*#*#*#*#
2026-08-22 17:16:17,414|line:950| https://t.bilibili.com/1238923349925560327
2026-08-22 17:16:17,414|line:952| 已有
2026-08-22 17:16:17,414|line:950| https://t.bilibili.com/1238544774368067591
2026-08-22 17:16:19,866|line:345| -352
2026-08-22 17:16:21,316|line:345| -352
2026-08-22 17:16:23,625|line:345| -352
2026-08-22 17:16:26,940|line:345| -352
2026-08-22 17:16:30,256|line:345| -352
2026-08-22 17:16:30,256|line:769| ('GET请求失败', 'https://api.bilibili.com/x/polymer/web-dynamic/v1/detail?timezone_offset=-480&id=1238544774368067591&features=itemOpusStyle')
2026-08-22 17:16:30,256|line:770| error line:751
2026-08-22 17:16:30,257|line:964| *#*#*#*#*#*#*#*#*#*原动态处理失败*#*#*#*#*#*#*#*#*#
2026-08-22 17:16:30,257|line:950| https://t.bilibili.com/1238857774380613652
2026-08-22 17:16:33,570|line:345| -352
2026-08-22 17:16:38,009|line:345| -352
2026-08-22 17:16:40,329|line:345| -352
2026-08-22 17:16:43,672|line:345| -352
2026-08-22 17:16:47,990|line:345| -352
2026-08-22 17:16:47,990|line:769| ('GET请求失败', 'https://api.bilibili.com/x/polymer/web-dynamic/v1/detail?timezone_offset=-480&id=1238857774380613652&features=itemOpusStyle')
2026-08-22 17:16:47,990|line:770| error line:751
2026-08-22 17:16:47,991|line:964| *#*#*#*#*#*#*#*#*#*原动态处理失败*#*#*#*#*#*#*#*#*#
2026-08-22 17:16:47,991|line:950| https://t.bilibili.com/1238836239436611584
2026-08-22 17:16:52,471|line:345| -352
2026-08-22 17:16:56,785|line:345| -352
2026-08-22 17:16:59,114|line:345| -352
2026-08-22 17:17:00,423|line:345| -352
2026-08-22 17:17:01,810|line:345| -352
2026-08-22 17:17:01,810|line:769| ('GET请求失败', 'https://api.bilibili.com/x/polymer/web-dynamic/v1/detail?timezone_offset=-480&id=1238836239436611584&features=itemOpusStyle')
2026-08-22 17:17:01,810|line:770| error line:751
2026-08-22 17:17:01,811|line:964| *#*#*#*#*#*#*#*#*#*原动态处理失败*#*#*#*#*#*#*#*#*#
2026-08-22 17:17:01,811|line:950| https://t.bilibili.com/1238657805036027921
2026-08-22 17:17:06,316|line:345| -352
2026-08-22 17:17:08,703|line:345| -352
2026-08-22 17:17:11,012|line:345| -352
2026-08-22 17:17:13,356|line:345| -352
2026-08-22 17:17:15,711|line:345| -352
2026-08-22 17:17:15,711|line:769| ('GET请求失败', 'https://api.bilibili.com/x/polymer/web-dynamic/v1/detail?timezone_offset=-480&id=1238657805036027921&features=itemOpusStyle')
2026-08-22 17:17:15,711|line:770| error line:751
2026-08-22 17:17:15,712|line:964| *#*#*#*#*#*#*#*#*#*原动态处理失败*#*#*#*#*#*#*#*#*#
2026-08-22 17:17:15,712|line:983| 执行结束
2026-08-22 17:17:15,712|line:988| 执行失败，错误数量为51
2026-08-22 17:17:15,712|line:990| ==================================================2026-08-23 01:17==================================================
2026-08-22 17:17:19,077|line:1010| ('reply: ', '榄菊官方', '[给心心]')
2026-08-22 17:17:19,077|line:1010| ('reply: ', '吓死我啦芙莱', '并不是')
2026-08-22 17:17:19,077|line:1010| ('reply: ', '花生十三-公考行测', '68')
2026-08-22 17:17:19,077|line:1010| ('reply: ', '三鹿七茸猫尾巴', '[夏诺雅表情包_？？？]')
2026-08-22 17:17:19,077|line:1010| ('reply: ', '小闪闪bling', 'hhh腾子买库洛让我感觉他自己有点不太想出大世界了')
2026-08-22 17:17:19,078|line:1010| ('reply: ', 'M4LMG-布洛妮娅', '不是，这……')
2026-08-22 17:17:19,078|line:1010| ('reply: ', '好像都是一个人', '你在说什么')
2026-08-22 17:17:19,078|line:1010| ('reply: ', '目标咨询', '太宠粉了啊')
2026-08-22 17:17:19,078|line:1010| ('reply: ', '数玩工场', '祝你成功')
2026-08-22 17:17:19,078|line:1010| ('reply: ', '益家有小佰', '恭喜宝子，获得小电视月度会员1份和克刻冰冰猴喉糖随机口味1份～记得私信小佰提供信息哦~')
2026-08-22 17:17:19,078|line:1010| ('reply: ', '圆环之理-Madoka', '是的')
2026-08-22 17:17:19,078|line:1010| ('reply: ', '兰的三姨', '这就是银河巨星的实力！')
2026-08-22 17:17:19,078|line:1010| ('reply: ', '花园百合铃音', '有男不玩，我只吃麻辣火锅，xxn滚[吃瓜]')
2026-08-22 17:17:19,078|line:1010| ('reply: ', '是绝赞的阿鬼', '[tv_难过]')
2026-08-22 17:17:19,078|line:1010| ('reply: ', '桃稚不幼稚', '还行')
2026-08-22 17:17:19,078|line:1010| ('reply: ', '陌罔子吖', '佬，这个报名有啥条件不。最近太非了，想下次报来抽[脱单doge][脱单doge][脱单doge]')
2026-08-22 17:17:19,078|line:1010| ('reply: ', '太二酸菜鱼', '恭喜成为本期欧皇[打call]获得【肥龙联名显眼包】1份，在收到本信息的两天内回复哥的私信哦~逾期哥就自己收啦！[脱单doge]')
2026-08-22 17:17:19,078|line:1010| ('reply: ', '得一想二的松鼠', '中奖分我一半')
2026-08-22 17:17:19,078|line:1010| ('reply: ', '佑凉Uriyoo', '谢谢！！！[UP_24967030_感恩]')
2026-08-22 17:17:19,078|line:1010| ('reply: ', '岛莓祁', '好耶')
2026-08-22 17:17:23,474|line:1019| ('at: ', '电脑报', '恭喜@小小Shaun UID：1090970340，@-叶晓吖  UID：22437099  获得 【电竞大礼包】1份， 请在三日内私信我')
2026-08-22 17:17:23,474|line:1019| ('at: ', '联想拯救者官方', '是我喜欢的奖品名单 直接开奖 上 趁现在没人偷摸开个奖 恭喜这些小伙伴 【拯救者7.1声卡H7游戏耳机】获奖名单 @泪水打湿猪脚饭o @xoomoon @小小Shaun @T山海连云T @超超超超薄脆饼干 @BerboomC 【拯救者C140氮化镓适配器】获奖名单 @改个天凉好个秋 @夜猫子牙不好 @LLL好久不见 @林殇倾慕婉 @今天也要拥抱微风 @洳不及我万一 @胜利の天平 【白金独角兽电竞鼠标】获奖名单 @底片上的诗旅人 【拯救者C170氮化镓适配器】获奖名单 @麦當劳无限好 @無名丶の辈 @任性的提莫 @广东有暖风 由于B站私信规则修改 我会私信中奖的小伙伴一条消息，还请注意查收并回复我您的收货地址与联系方式，奖品基本会在私信您信息后的三十个工作日内发货')
2026-08-22 17:17:23,474|line:1019| ('at: ', 'Apexgaming艾湃电竞', '恭喜 @小小Shaun 获得饮料一份，三天内联系我，过时不候！')
2026-08-22 17:17:23,474|line:1019| ('at: ', '梦_水晶花', '1 @浪子游2fans6@被_____打下来的飞机@拉斯特臣后面一个点@专心致志的学生@猫猫头OmMeow@小小Shaun@龐門左道@啦啦痴痴腻@bili_66938050009@日月星辰668')
2026-08-22 17:17:23,475|line:1019| ('at: ', 'iKF蓝牙耳机', '恭喜@小小Shaun 宝子成为苏泊尔福利动态幸运儿！\n注意：即日起72小时内回复信息确认领奖哦！逾期将自动视为放弃中奖资格。\n没有中奖的宝子们不要气馁，参与一下下置顶视频iKF Mars，增加欧气值，说不定下个幸运儿就是你！\n链接：\nhttps://www.bilibili.com/video/BV1Soo6YLEHZ/?spm_id_from=333.1387.list.card_archive.click&vd_source=21fb0967ccc75e6b3b2447ade2c740dd\n还没参与抽奖的宝子们，赶紧点击上方链接参与吧！还有特别福利惊喜等你哦~')
2026-08-22 17:17:23,475|line:1019| ('at: ', 'wellymerck威利默克', '恭喜@小小Shaun\xa0 获得《我是你的小狗3 永远等你回家》1本，请于5天内联系威宝，凭关注+互动截图领取奖品，逾期作废~')
2026-08-22 17:17:23,475|line:1019| ('at: ', '宁美NINGMEI', '恭喜@小小Shaun   中奖，请在12月1日24点前私信我：1. 奖品+中奖信息a. 实物奖：姓名电话地址，给文字！省市区路清晰，提交不清晰不发奖，信息错误致无法签收，概不负责；\n\nb. 现金红包给到支付宝实名+账号；\n\nc. 京东卡/猫超卡 等购物卡给到姓名+电话；2. 宁美和品牌方关注截图+转发截图！\n\n必须关注品牌方，否则奖品不予发放；如遇无法私信图片的情况，等待我回复后即可发送图片。PS： \n\n因后台收信有时会出问题，以回复“已登记”为准，没有回复即表示私信未收到。\n\n过期视为自动放弃，不会补发；奖品30个工作日内发送，勿催哦~\n\n不发全，不回复。其他小伙伴请继续努力！')
2026-08-22 17:17:23,475|line:1019| ('at: ', '爱玛电动车官方账号', '#一“玛”当先榜# 快来看看10月都是谁和爱玛酱互动最多呀~ 💕恭喜@小小Shaun 和@甘瑞凯拉莎 排行第一！这两位小玛达将会获得【爱玛随机周边×1】，请5天内私信爱玛酱领奖哟~[鼓掌] 以后也请继续单推我无敌可爱美少女爱玛酱呀嘿嘿！(●´З｀●)')
2026-08-22 17:17:23,475|line:1019| ('at: ', '爱玛电动车官方账号', '')
2026-08-22 17:17:23,475|line:1019| ('at: ', '海露滴眼液', '互动榜出炉啦')
2026-08-22 17:17:23,475|line:1019| ('at: ', '和蔼可亲桃白白', '\u200b//@九号公司:\u200b恭喜@小小Shaun 中奖！后续记得查收私信哟～\u200b//@九号公司:#互动抽奖# 谢谢粒粒的复工礼！小九也来加个码~关注【@微粒贷+@九号公司 】并转发该动态，抽一位小可爱获得【100元京东卡】~ #供电局福利社# 10月31日抽出！')
2026-08-22 17:17:23,475|line:1019| ('at: ', '望大家身体健康快乐', '\u200b//@九号公司:\u200b恭喜@小小Shaun 中奖！后续记得查收私信哟～\u200b//@九号公司 :#互动抽奖# 谢谢粒粒的复工礼！小九也来加个码~关注【@微粒贷+@九号公司 】并转发该动态，抽一位小可爱获得【100元京东卡】~ #供电局福利社# 10月31日抽出！')
2026-08-22 17:17:23,475|line:1019| ('at: ', 'MoMA_Reona', '//@九号公司:\u200b恭喜@小小Shaun 中奖！后续记得查收私信哟～\u200b//@九号公司:#互动抽奖# 谢谢粒粒的复工礼！小九也来加个码~关注【@微粒贷+@九号公司 】并转发该动态，抽一位小可爱获得【100元京东卡】~ #供电局福利社# 10月31日抽出！')
2026-08-22 17:17:23,475|line:1019| ('at: ', '摸鱼二队', '\u200b//@九号公司:\u200b恭喜@小小Shaun 中奖！后续记得查收私信哟～\u200b//@九号公司 :#互动抽奖# 谢谢粒粒的复工礼！小九也来加个码~关注【@微粒贷+@九号公司 】并转发该动态，抽一位小可爱获得【100元京东卡】~ #供电局福利社# 10月31日抽出！')
2026-08-22 17:17:23,475|line:1019| ('at: ', '文少嘅一些事一些情', '\u200b//@九号公司:\u200b恭喜@小小Shaun 中奖！后续记得查收私信哟～\u200b//@九号公司 :#互动抽奖# 谢谢粒粒的复工礼！小九也来加个码~关注【@微粒贷+@九号公司 】并转发该动态，抽一位小可爱获得【100元京东卡】~ #供电局福利社# 10月31日抽出！')
2026-08-22 17:17:23,475|line:1019| ('at: ', 'Carry队友的嘟嘟酱丶', '\u200b//@九号公司:\u200b恭喜@小小Shaun 中奖！后续记得查收私信哟～\u200b//@九号公司 :#互动抽奖# 谢谢粒粒的复工礼！小九也来加个码~关注【@微粒贷+@九号公司 】并转发该动态，抽一位小可爱获得【100元京东卡】~ #供电局福利社# 10月31日抽出！')
2026-08-22 17:17:23,475|line:1019| ('at: ', '蛤蟆zero', '//@九号公司:\u200b恭喜@小小Shaun 中奖！后续记得查收私信哟～\u200b//@九号公司:#互动抽奖# 谢谢粒粒的复工礼！小九也来加个码~关注【@微粒贷+@九号公司 】并转发该动态，抽一位小可爱获得【100元京东卡】~ #供电局福利社# 10月31日抽出！c冲冲冲')
2026-08-22 17:17:23,475|line:1019| ('at: ', '木而各子要吃笃栗子', '\u200b//@九号公司:\u200b恭喜@小小Shaun 中奖！后续记得查收私信哟～\u200b//@九号公司 :#互动抽奖# 谢谢粒粒的复工礼！小九也来加个码~关注【@微粒贷+@九号公司 】并转发该动态，抽一位小可爱获得【100元京东卡】~ #供电局福利社# 10月31日抽出！')
2026-08-22 17:17:23,475|line:1019| ('at: ', '裙下愚臣情默默', '\u200b//@九号公司:\u200b恭喜@小小Shaun 中奖！后续记得查收私信哟～\u200b//@九号公司 :#互动抽奖# 谢谢粒粒的复工礼！小九也来加个码~关注【@微粒贷+@九号公司 】并转发该动态，抽一位小可爱获得【100元京东卡】~ #供电局福利社# 10月31日抽出！')
2026-08-22 17:17:23,475|line:1019| ('at: ', '戊子毕宿', '')
