2026-08-21 16:45:13,461|line:453| processing article 52546496
2026-08-21 16:45:13,797|line:417| 获取 Article 结构化正文失败 52546496: -509 请求过于频繁，请稍后再试
2026-08-21 16:45:15,022|line:417| 获取 Article 结构化正文失败 52546496: -509 请求过于频繁，请稍后再试
2026-08-21 16:45:17,204|line:938| ==================================================2026-08-22 00:45==================================================
2026-08-21 16:45:17,205|line:950| https://t.bilibili.com/1224854467309993993
2026-08-21 16:45:17,205|line:952| 已有
2026-08-21 16:45:17,205|line:950| https://t.bilibili.com/1225602319919349764
2026-08-21 16:45:17,205|line:952| 已有
2026-08-21 16:45:17,205|line:950| https://t.bilibili.com/1232309469667393556
2026-08-21 16:45:17,205|line:952| 已有
2026-08-21 16:45:17,205|line:950| https://t.bilibili.com/1234410090970218515
2026-08-21 16:45:17,205|line:952| 已有
2026-08-21 16:45:17,205|line:950| https://t.bilibili.com/1238933421621772304
2026-08-21 16:45:18,527|line:345| -352
2026-08-21 16:45:20,864|line:345| -352
2026-08-21 16:45:23,213|line:345| -352
2026-08-21 16:45:25,525|line:345| -352
2026-08-21 16:45:28,900|line:345| -352
2026-08-21 16:45:28,900|line:769| ('GET请求失败', 'https://api.bilibili.com/x/polymer/web-dynamic/v1/detail?timezone_offset=-480&id=1238933421621772304&features=itemOpusStyle')
2026-08-21 16:45:28,900|line:770| error line:751
2026-08-21 16:45:28,901|line:964| *#*#*#*#*#*#*#*#*#*原动态处理失败*#*#*#*#*#*#*#*#*#
2026-08-21 16:45:28,901|line:950| https://t.bilibili.com/1238934224785899520
2026-08-21 16:45:31,210|line:345| -352
2026-08-21 16:45:32,551|line:345| -352
2026-08-21 16:45:35,900|line:345| -352
2026-08-21 16:45:39,267|line:345| -352
2026-08-21 16:45:43,601|line:345| -352
2026-08-21 16:45:43,601|line:769| ('GET请求失败', 'https://api.bilibili.com/x/polymer/web-dynamic/v1/detail?timezone_offset=-480&id=1238934224785899520&features=itemOpusStyle')
2026-08-21 16:45:43,601|line:770| error line:751
2026-08-21 16:45:43,602|line:964| *#*#*#*#*#*#*#*#*#*原动态处理失败*#*#*#*#*#*#*#*#*#
2026-08-21 16:45:43,602|line:950| https://t.bilibili.com/1238720631806099481
2026-08-21 16:45:46,949|line:345| -352
2026-08-21 16:45:48,311|line:345| -352
2026-08-21 16:45:50,686|line:345| -352
2026-08-21 16:45:55,003|line:345| -352
2026-08-21 16:45:59,316|line:345| -352
2026-08-21 16:45:59,316|line:769| ('GET请求失败', 'https://api.bilibili.com/x/polymer/web-dynamic/v1/detail?timezone_offset=-480&id=1238720631806099481&features=itemOpusStyle')
2026-08-21 16:45:59,317|line:770| error line:751
2026-08-21 16:45:59,317|line:964| *#*#*#*#*#*#*#*#*#*原动态处理失败*#*#*#*#*#*#*#*#*#
2026-08-21 16:45:59,318|line:950| https://t.bilibili.com/1238929466005127193
2026-08-21 16:46:02,666|line:345| -352
2026-08-21 16:46:05,986|line:345| -352
2026-08-21 16:46:10,335|line:345| -352
2026-08-21 16:46:14,691|line:345| -352
2026-08-21 16:46:19,007|line:345| -352
2026-08-21 16:46:19,007|line:769| ('GET请求失败', 'https://api.bilibili.com/x/polymer/web-dynamic/v1/detail?timezone_offset=-480&id=1238929466005127193&features=itemOpusStyle')
2026-08-21 16:46:19,007|line:770| error line:751
2026-08-21 16:46:19,008|line:964| *#*#*#*#*#*#*#*#*#*原动态处理失败*#*#*#*#*#*#*#*#*#
2026-08-21 16:46:19,008|line:950| https://t.bilibili.com/1238864264076197892
2026-08-21 16:46:22,404|line:763| =========此为源动态=========
2026-08-21 16:46:22,404|line:784| *********子动态开始*********
2026-08-21 16:46:31,634|line:814| *********子动态结束*********
2026-08-21 16:46:31,634|line:968| -=-=-=-=处理回最初的动态-=-=-=-=
2026-08-21 16:46:39,366|line:345| -352
2026-08-21 16:46:40,780|line:345| -352
2026-08-21 16:46:42,094|line:345| -352
2026-08-21 16:46:45,412|line:345| -352
2026-08-21 16:46:48,758|line:345| -352
2026-08-21 16:46:48,758|line:979| ('GET请求失败', 'https://api.bilibili.com/x/polymer/web-dynamic/v1/detail?timezone_offset=-480&id=1238864264076197892&features=itemOpusStyle')
2026-08-21 16:46:48,758|line:980| error line:971
2026-08-21 16:46:49,759|line:950| https://t.bilibili.com/1238923809547878402
2026-08-21 16:46:52,133|line:345| -352
2026-08-21 16:46:56,614|line:345| -352
2026-08-21 16:47:00,929|line:345| -352
2026-08-21 16:47:04,275|line:345| -352
2026-08-21 16:47:05,618|line:345| -352
2026-08-21 16:47:05,618|line:769| ('GET请求失败', 'https://api.bilibili.com/x/polymer/web-dynamic/v1/detail?timezone_offset=-480&id=1238923809547878402&features=itemOpusStyle')
2026-08-21 16:47:05,618|line:770| error line:751
2026-08-21 16:47:05,619|line:964| *#*#*#*#*#*#*#*#*#*原动态处理失败*#*#*#*#*#*#*#*#*#
2026-08-21 16:47:05,619|line:950| https://t.bilibili.com/1238928954915553304
2026-08-21 16:47:10,000|line:345| -352
2026-08-21 16:47:12,317|line:345| -352
2026-08-21 16:47:15,694|line:345| -352
2026-08-21 16:47:19,079|line:345| -352
2026-08-21 16:47:22,432|line:345| -352
2026-08-21 16:47:22,433|line:769| ('GET请求失败', 'https://api.bilibili.com/x/polymer/web-dynamic/v1/detail?timezone_offset=-480&id=1238928954915553304&features=itemOpusStyle')
2026-08-21 16:47:22,433|line:770| error line:751
2026-08-21 16:47:22,434|line:964| *#*#*#*#*#*#*#*#*#*原动态处理失败*#*#*#*#*#*#*#*#*#
2026-08-21 16:47:22,434|line:950| https://t.bilibili.com/1238848875241930752
2026-08-21 16:47:26,776|line:345| -352
2026-08-21 16:47:30,086|line:345| -352
2026-08-21 16:47:31,397|line:345| -352
2026-08-21 16:47:32,750|line:345| -352
2026-08-21 16:47:36,100|line:345| -352
2026-08-21 16:47:36,100|line:769| ('GET请求失败', 'https://api.bilibili.com/x/polymer/web-dynamic/v1/detail?timezone_offset=-480&id=1238848875241930752&features=itemOpusStyle')
2026-08-21 16:47:36,100|line:770| error line:751
2026-08-21 16:47:36,101|line:964| *#*#*#*#*#*#*#*#*#*原动态处理失败*#*#*#*#*#*#*#*#*#
2026-08-21 16:47:36,101|line:950| https://t.bilibili.com/1238916065675706370
2026-08-21 16:47:37,436|line:345| -352
2026-08-21 16:47:40,782|line:345| -352
2026-08-21 16:47:45,102|line:345| -352
2026-08-21 16:47:46,446|line:345| -352
2026-08-21 16:47:47,782|line:345| -352
2026-08-21 16:47:47,782|line:769| ('GET请求失败', 'https://api.bilibili.com/x/polymer/web-dynamic/v1/detail?timezone_offset=-480&id=1238916065675706370&features=itemOpusStyle')
2026-08-21 16:47:47,782|line:770| error line:751
2026-08-21 16:47:47,783|line:964| *#*#*#*#*#*#*#*#*#*原动态处理失败*#*#*#*#*#*#*#*#*#
2026-08-21 16:47:47,783|line:950| https://t.bilibili.com/1238919372824641561
2026-08-21 16:47:50,099|line:345| -352
2026-08-21 16:47:52,440|line:345| -352
2026-08-21 16:47:54,785|line:345| -352
2026-08-21 16:47:58,136|line:345| -352
2026-08-21 16:48:00,662|line:345| -352
2026-08-21 16:48:00,662|line:769| ('GET请求失败', 'https://api.bilibili.com/x/polymer/web-dynamic/v1/detail?timezone_offset=-480&id=1238919372824641561&features=itemOpusStyle')
2026-08-21 16:48:00,662|line:770| error line:751
2026-08-21 16:48:00,663|line:964| *#*#*#*#*#*#*#*#*#*原动态处理失败*#*#*#*#*#*#*#*#*#
2026-08-21 16:48:00,663|line:950| https://t.bilibili.com/1238906453549383688
2026-08-21 16:48:02,033|line:345| -352
2026-08-21 16:48:04,380|line:345| -352
2026-08-21 16:48:05,726|line:345| -352
2026-08-21 16:48:10,047|line:345| -352
2026-08-21 16:48:11,356|line:345| -352
2026-08-21 16:48:11,356|line:769| ('GET请求失败', 'https://api.bilibili.com/x/polymer/web-dynamic/v1/detail?timezone_offset=-480&id=1238906453549383688&features=itemOpusStyle')
2026-08-21 16:48:11,356|line:770| error line:751
2026-08-21 16:48:11,357|line:964| *#*#*#*#*#*#*#*#*#*原动态处理失败*#*#*#*#*#*#*#*#*#
2026-08-21 16:48:11,357|line:950| https://t.bilibili.com/1238905817882689561
2026-08-21 16:48:15,764|line:345| -352
2026-08-21 16:48:19,141|line:345| -352
2026-08-21 16:48:23,648|line:345| -352
2026-08-21 16:48:27,014|line:345| -352
2026-08-21 16:48:31,391|line:345| -352
2026-08-21 16:48:31,391|line:769| ('GET请求失败', 'https://api.bilibili.com/x/polymer/web-dynamic/v1/detail?timezone_offset=-480&id=1238905817882689561&features=itemOpusStyle')
2026-08-21 16:48:31,391|line:770| error line:751
2026-08-21 16:48:31,392|line:964| *#*#*#*#*#*#*#*#*#*原动态处理失败*#*#*#*#*#*#*#*#*#
2026-08-21 16:48:31,392|line:950| https://t.bilibili.com/1238920055733878802
2026-08-21 16:48:32,737|line:345| -352
2026-08-21 16:48:34,055|line:345| -352
2026-08-21 16:48:35,403|line:345| -352
2026-08-21 16:48:39,746|line:345| -352
2026-08-21 16:48:42,097|line:345| -352
2026-08-21 16:48:42,097|line:769| ('GET请求失败', 'https://api.bilibili.com/x/polymer/web-dynamic/v1/detail?timezone_offset=-480&id=1238920055733878802&features=itemOpusStyle')
2026-08-21 16:48:42,097|line:770| error line:751
2026-08-21 16:48:42,098|line:964| *#*#*#*#*#*#*#*#*#*原动态处理失败*#*#*#*#*#*#*#*#*#
2026-08-21 16:48:42,098|line:950| https://t.bilibili.com/1238910834428608513
2026-08-21 16:48:44,496|line:345| -352
2026-08-21 16:48:48,801|line:345| -352
2026-08-21 16:48:51,167|line:345| -352
2026-08-21 16:48:54,559|line:345| -352
2026-08-21 16:48:57,951|line:345| -352
2026-08-21 16:48:57,951|line:769| ('GET请求失败', 'https://api.bilibili.com/x/polymer/web-dynamic/v1/detail?timezone_offset=-480&id=1238910834428608513&features=itemOpusStyle')
2026-08-21 16:48:57,951|line:770| error line:751
2026-08-21 16:48:57,952|line:964| *#*#*#*#*#*#*#*#*#*原动态处理失败*#*#*#*#*#*#*#*#*#
2026-08-21 16:48:57,952|line:950| https://t.bilibili.com/1238898780617572352
2026-08-21 16:49:01,337|line:345| -352
2026-08-21 16:49:03,713|line:345| -352
2026-08-21 16:49:08,068|line:345| -352
2026-08-21 16:49:09,415|line:345| -352
2026-08-21 16:49:11,800|line:345| -352
2026-08-21 16:49:11,800|line:769| ('GET请求失败', 'https://api.bilibili.com/x/polymer/web-dynamic/v1/detail?timezone_offset=-480&id=1238898780617572352&features=itemOpusStyle')
2026-08-21 16:49:11,800|line:770| error line:751
2026-08-21 16:49:11,801|line:964| *#*#*#*#*#*#*#*#*#*原动态处理失败*#*#*#*#*#*#*#*#*#
2026-08-21 16:49:11,801|line:950| https://t.bilibili.com/1238900281707593735
2026-08-21 16:49:13,159|line:345| -352
2026-08-21 16:49:14,573|line:345| -352
2026-08-21 16:49:18,950|line:345| -352
2026-08-21 16:49:21,289|line:345| -352
2026-08-21 16:49:25,693|line:345| -352
2026-08-21 16:49:25,693|line:769| ('GET请求失败', 'https://api.bilibili.com/x/polymer/web-dynamic/v1/detail?timezone_offset=-480&id=1238900281707593735&features=itemOpusStyle')
2026-08-21 16:49:25,693|line:770| error line:751
2026-08-21 16:49:25,694|line:964| *#*#*#*#*#*#*#*#*#*原动态处理失败*#*#*#*#*#*#*#*#*#
2026-08-21 16:49:25,694|line:950| https://t.bilibili.com/1238906114279473158
2026-08-21 16:49:28,046|line:345| -352
2026-08-21 16:49:30,460|line:345| -352
2026-08-21 16:49:31,837|line:345| -352
2026-08-21 16:49:35,245|line:345| -352
2026-08-21 16:49:39,555|line:345| -352
2026-08-21 16:49:39,555|line:769| ('GET请求失败', 'https://api.bilibili.com/x/polymer/web-dynamic/v1/detail?timezone_offset=-480&id=1238906114279473158&features=itemOpusStyle')
2026-08-21 16:49:39,555|line:770| error line:751
2026-08-21 16:49:39,556|line:964| *#*#*#*#*#*#*#*#*#*原动态处理失败*#*#*#*#*#*#*#*#*#
2026-08-21 16:49:39,556|line:950| https://t.bilibili.com/1238900715466784823
2026-08-21 16:49:42,899|line:345| -352
2026-08-21 16:49:44,248|line:345| -352
2026-08-21 16:49:45,661|line:345| -352
2026-08-21 16:49:50,032|line:345| -352
2026-08-21 16:49:52,395|line:345| -352
2026-08-21 16:49:52,395|line:769| ('GET请求失败', 'https://api.bilibili.com/x/polymer/web-dynamic/v1/detail?timezone_offset=-480&id=1238900715466784823&features=itemOpusStyle')
2026-08-21 16:49:52,395|line:770| error line:751
2026-08-21 16:49:52,396|line:964| *#*#*#*#*#*#*#*#*#*原动态处理失败*#*#*#*#*#*#*#*#*#
2026-08-21 16:49:52,396|line:950| https://t.bilibili.com/1238888796938829827
2026-08-21 16:49:53,802|line:345| -352
2026-08-21 16:49:55,154|line:345| -352
2026-08-21 16:49:59,505|line:345| -352
2026-08-21 16:50:00,852|line:345| -352
2026-08-21 16:50:02,202|line:345| -352
2026-08-21 16:50:02,202|line:769| ('GET请求失败', 'https://api.bilibili.com/x/polymer/web-dynamic/v1/detail?timezone_offset=-480&id=1238888796938829827&features=itemOpusStyle')
2026-08-21 16:50:02,202|line:770| error line:751
2026-08-21 16:50:02,203|line:964| *#*#*#*#*#*#*#*#*#*原动态处理失败*#*#*#*#*#*#*#*#*#
2026-08-21 16:50:02,203|line:950| https://t.bilibili.com/1238898780563046454
2026-08-21 16:50:06,541|line:345| -352
2026-08-21 16:50:08,931|line:345| -352
2026-08-21 16:50:12,567|line:345| -352
2026-08-21 16:50:15,880|line:345| -352
2026-08-21 16:50:20,189|line:345| -352
2026-08-21 16:50:20,189|line:769| ('GET请求失败', 'https://api.bilibili.com/x/polymer/web-dynamic/v1/detail?timezone_offset=-480&id=1238898780563046454&features=itemOpusStyle')
2026-08-21 16:50:20,189|line:770| error line:751
2026-08-21 16:50:20,189|line:964| *#*#*#*#*#*#*#*#*#*原动态处理失败*#*#*#*#*#*#*#*#*#
2026-08-21 16:50:20,190|line:950| https://t.bilibili.com/1237723675407417360
2026-08-21 16:50:23,546|line:345| -352
2026-08-21 16:50:24,860|line:345| -352
2026-08-21 16:50:29,188|line:345| -352
2026-08-21 16:50:33,562|line:345| -352
2026-08-21 16:50:34,884|line:345| -352
2026-08-21 16:50:34,884|line:769| ('GET请求失败', 'https://api.bilibili.com/x/polymer/web-dynamic/v1/detail?timezone_offset=-480&id=1237723675407417360&features=itemOpusStyle')
2026-08-21 16:50:34,884|line:770| error line:751
2026-08-21 16:50:34,885|line:964| *#*#*#*#*#*#*#*#*#*原动态处理失败*#*#*#*#*#*#*#*#*#
2026-08-21 16:50:34,885|line:950| https://t.bilibili.com/1238869890522152968
2026-08-21 16:50:36,203|line:345| -352
2026-08-21 16:50:40,514|line:345| -352
2026-08-21 16:50:42,834|line:345| -352
2026-08-21 16:50:45,147|line:345| -352
2026-08-21 16:50:48,463|line:345| -352
2026-08-21 16:50:48,463|line:769| ('GET请求失败', 'https://api.bilibili.com/x/polymer/web-dynamic/v1/detail?timezone_offset=-480&id=1238869890522152968&features=itemOpusStyle')
2026-08-21 16:50:48,463|line:770| error line:751
2026-08-21 16:50:48,464|line:964| *#*#*#*#*#*#*#*#*#*原动态处理失败*#*#*#*#*#*#*#*#*#
2026-08-21 16:50:48,465|line:950| https://t.bilibili.com/1238838515759841288
2026-08-21 16:50:52,784|line:345| -352
2026-08-21 16:50:56,095|line:345| -352
2026-08-21 16:50:59,403|line:345| -352
2026-08-21 16:51:02,736|line:345| -352
2026-08-21 16:51:04,048|line:345| -352
2026-08-21 16:51:04,048|line:769| ('GET请求失败', 'https://api.bilibili.com/x/polymer/web-dynamic/v1/detail?timezone_offset=-480&id=1238838515759841288&features=itemOpusStyle')
2026-08-21 16:51:04,048|line:770| error line:751
2026-08-21 16:51:04,049|line:964| *#*#*#*#*#*#*#*#*#*原动态处理失败*#*#*#*#*#*#*#*#*#
2026-08-21 16:51:04,049|line:950| https://t.bilibili.com/1238860125867868163
2026-08-21 16:51:05,398|line:345| -352
2026-08-21 16:51:09,721|line:345| -352
2026-08-21 16:51:14,098|line:345| -352
2026-08-21 16:51:16,452|line:345| -352
2026-08-21 16:51:19,774|line:345| -352
2026-08-21 16:51:19,774|line:769| ('GET请求失败', 'https://api.bilibili.com/x/polymer/web-dynamic/v1/detail?timezone_offset=-480&id=1238860125867868163&features=itemOpusStyle')
2026-08-21 16:51:19,775|line:770| error line:751
2026-08-21 16:51:19,775|line:964| *#*#*#*#*#*#*#*#*#*原动态处理失败*#*#*#*#*#*#*#*#*#
2026-08-21 16:51:19,775|line:950| https://t.bilibili.com/1238836930904326177
2026-08-21 16:51:21,093|line:345| -352
2026-08-21 16:51:23,428|line:345| -352
2026-08-21 16:51:25,813|line:345| -352
2026-08-21 16:51:30,128|line:345| -352
2026-08-21 16:51:31,472|line:345| -352
2026-08-21 16:51:31,472|line:769| ('GET请求失败', 'https://api.bilibili.com/x/polymer/web-dynamic/v1/detail?timezone_offset=-480&id=1238836930904326177&features=itemOpusStyle')
2026-08-21 16:51:31,472|line:770| error line:751
2026-08-21 16:51:31,473|line:964| *#*#*#*#*#*#*#*#*#*原动态处理失败*#*#*#*#*#*#*#*#*#
2026-08-21 16:51:31,473|line:950| https://t.bilibili.com/1238859256150622211
2026-08-21 16:51:35,815|line:345| -352
2026-08-21 16:51:40,162|line:345| -352
2026-08-21 16:51:43,508|line:345| -352
2026-08-21 16:51:47,821|line:345| -352
2026-08-21 16:51:49,228|line:345| -352
2026-08-21 16:51:49,229|line:769| ('GET请求失败', 'https://api.bilibili.com/x/polymer/web-dynamic/v1/detail?timezone_offset=-480&id=1238859256150622211&features=itemOpusStyle')
2026-08-21 16:51:49,229|line:770| error line:751
2026-08-21 16:51:49,229|line:964| *#*#*#*#*#*#*#*#*#*原动态处理失败*#*#*#*#*#*#*#*#*#
2026-08-21 16:51:49,230|line:950| https://t.bilibili.com/1238853350551715875
2026-08-21 16:51:50,546|line:345| -352
2026-08-21 16:51:54,897|line:345| -352
2026-08-21 16:51:58,246|line:345| -352
2026-08-21 16:52:01,570|line:345| -352
2026-08-21 16:52:02,916|line:345| -352
2026-08-21 16:52:02,916|line:769| ('GET请求失败', 'https://api.bilibili.com/x/polymer/web-dynamic/v1/detail?timezone_offset=-480&id=1238853350551715875&features=itemOpusStyle')
2026-08-21 16:52:02,916|line:770| error line:751
2026-08-21 16:52:02,917|line:964| *#*#*#*#*#*#*#*#*#*原动态处理失败*#*#*#*#*#*#*#*#*#
2026-08-21 16:52:02,917|line:950| https://t.bilibili.com/1238848295419248693
2026-08-21 16:52:07,235|line:345| -352
2026-08-21 16:52:11,558|line:345| -352
2026-08-21 16:52:12,883|line:345| -352
2026-08-21 16:52:17,230|line:345| -352
2026-08-21 16:52:18,549|line:345| -352
2026-08-21 16:52:18,549|line:769| ('GET请求失败', 'https://api.bilibili.com/x/polymer/web-dynamic/v1/detail?timezone_offset=-480&id=1238848295419248693&features=itemOpusStyle')
2026-08-21 16:52:18,549|line:770| error line:751
2026-08-21 16:52:18,550|line:964| *#*#*#*#*#*#*#*#*#*原动态处理失败*#*#*#*#*#*#*#*#*#
2026-08-21 16:52:18,550|line:950| https://t.bilibili.com/1238847870203854849
2026-08-21 16:52:22,897|line:345| -352
2026-08-21 16:52:25,230|line:345| -352
2026-08-21 16:52:28,550|line:345| -352
2026-08-21 16:52:30,872|line:345| -352
2026-08-21 16:52:34,194|line:345| -352
2026-08-21 16:52:34,194|line:769| ('GET请求失败', 'https://api.bilibili.com/x/polymer/web-dynamic/v1/detail?timezone_offset=-480&id=1238847870203854849&features=itemOpusStyle')
2026-08-21 16:52:34,194|line:770| error line:751
2026-08-21 16:52:34,195|line:964| *#*#*#*#*#*#*#*#*#*原动态处理失败*#*#*#*#*#*#*#*#*#
2026-08-21 16:52:34,195|line:950| https://t.bilibili.com/1238211381832974392
2026-08-21 16:52:35,559|line:345| -352
2026-08-21 16:52:39,915|line:345| -352
2026-08-21 16:52:41,299|line:345| -352
2026-08-21 16:52:43,644|line:345| -352
2026-08-21 16:52:46,967|line:345| -352
2026-08-21 16:52:46,967|line:769| ('GET请求失败', 'https://api.bilibili.com/x/polymer/web-dynamic/v1/detail?timezone_offset=-480&id=1238211381832974392&features=itemOpusStyle')
2026-08-21 16:52:46,967|line:770| error line:751
2026-08-21 16:52:46,968|line:964| *#*#*#*#*#*#*#*#*#*原动态处理失败*#*#*#*#*#*#*#*#*#
2026-08-21 16:52:46,968|line:950| https://t.bilibili.com/1238537850859814921
2026-08-21 16:52:48,305|line:345| -352
2026-08-21 16:52:49,688|line:345| -352
2026-08-21 16:52:54,110|line:345| -352
2026-08-21 16:52:58,423|line:345| -352
2026-08-21 16:53:00,773|line:345| -352
2026-08-21 16:53:00,774|line:769| ('GET请求失败', 'https://api.bilibili.com/x/polymer/web-dynamic/v1/detail?timezone_offset=-480&id=1238537850859814921&features=itemOpusStyle')
2026-08-21 16:53:00,774|line:770| error line:751
2026-08-21 16:53:00,775|line:964| *#*#*#*#*#*#*#*#*#*原动态处理失败*#*#*#*#*#*#*#*#*#
2026-08-21 16:53:00,775|line:950| https://t.bilibili.com/1238434924107661352
2026-08-21 16:53:03,089|line:345| -352
2026-08-21 16:53:05,505|line:345| -352
2026-08-21 16:53:08,876|line:345| -352
2026-08-21 16:53:10,247|line:345| -352
2026-08-21 16:53:14,604|line:345| -352
2026-08-21 16:53:14,604|line:769| ('GET请求失败', 'https://api.bilibili.com/x/polymer/web-dynamic/v1/detail?timezone_offset=-480&id=1238434924107661352&features=itemOpusStyle')
2026-08-21 16:53:14,604|line:770| error line:751
2026-08-21 16:53:14,605|line:964| *#*#*#*#*#*#*#*#*#*原动态处理失败*#*#*#*#*#*#*#*#*#
2026-08-21 16:53:14,605|line:950| https://t.bilibili.com/1238125686509535240
2026-08-21 16:53:16,945|line:345| -352
2026-08-21 16:53:19,330|line:345| -352
2026-08-21 16:53:22,642|line:345| -352
2026-08-21 16:53:24,176|line:345| -352
2026-08-21 16:53:26,552|line:345| -352
2026-08-21 16:53:26,552|line:769| ('GET请求失败', 'https://api.bilibili.com/x/polymer/web-dynamic/v1/detail?timezone_offset=-480&id=1238125686509535240&features=itemOpusStyle')
2026-08-21 16:53:26,552|line:770| error line:751
2026-08-21 16:53:26,553|line:964| *#*#*#*#*#*#*#*#*#*原动态处理失败*#*#*#*#*#*#*#*#*#
2026-08-21 16:53:26,553|line:950| https://t.bilibili.com/1238605990511771681
2026-08-21 16:53:27,909|line:345| -352
2026-08-21 16:53:31,259|line:345| -352
2026-08-21 16:53:32,569|line:345| -352
2026-08-21 16:53:35,881|line:345| -352
2026-08-21 16:53:40,268|line:345| -352
2026-08-21 16:53:40,268|line:769| ('GET请求失败', 'https://api.bilibili.com/x/polymer/web-dynamic/v1/detail?timezone_offset=-480&id=1238605990511771681&features=itemOpusStyle')
2026-08-21 16:53:40,268|line:770| error line:751
2026-08-21 16:53:40,269|line:964| *#*#*#*#*#*#*#*#*#*原动态处理失败*#*#*#*#*#*#*#*#*#
2026-08-21 16:53:40,269|line:950| https://t.bilibili.com/1238929775223898112
2026-08-21 16:53:44,583|line:345| -352
2026-08-21 16:53:48,981|line:345| -352
2026-08-21 16:53:53,340|line:345| -352
2026-08-21 16:53:57,695|line:345| -352
2026-08-21 16:54:01,045|line:345| -352
2026-08-21 16:54:01,045|line:769| ('GET请求失败', 'https://api.bilibili.com/x/polymer/web-dynamic/v1/detail?timezone_offset=-480&id=1238929775223898112&features=itemOpusStyle')
2026-08-21 16:54:01,045|line:770| error line:751
2026-08-21 16:54:01,046|line:964| *#*#*#*#*#*#*#*#*#*原动态处理失败*#*#*#*#*#*#*#*#*#
2026-08-21 16:54:01,047|line:950| https://t.bilibili.com/1238898780588212228
2026-08-21 16:54:02,420|line:345| -352
2026-08-21 16:54:03,744|line:345| -352
2026-08-21 16:54:06,058|line:345| -352
2026-08-21 16:54:08,374|line:345| -352
2026-08-21 16:54:09,692|line:345| -352
2026-08-21 16:54:09,692|line:769| ('GET请求失败', 'https://api.bilibili.com/x/polymer/web-dynamic/v1/detail?timezone_offset=-480&id=1238898780588212228&features=itemOpusStyle')
2026-08-21 16:54:09,692|line:770| error line:751
2026-08-21 16:54:09,693|line:964| *#*#*#*#*#*#*#*#*#*原动态处理失败*#*#*#*#*#*#*#*#*#
2026-08-21 16:54:09,693|line:950| https://t.bilibili.com/1238878175462686757
2026-08-21 16:54:12,005|line:345| -352
2026-08-21 16:54:15,316|line:345| -352
2026-08-21 16:54:17,676|line:345| -352
2026-08-21 16:54:20,063|line:345| -352
2026-08-21 16:54:23,395|line:345| -352
2026-08-21 16:54:23,396|line:769| ('GET请求失败', 'https://api.bilibili.com/x/polymer/web-dynamic/v1/detail?timezone_offset=-480&id=1238878175462686757&features=itemOpusStyle')
2026-08-21 16:54:23,396|line:770| error line:751
2026-08-21 16:54:23,396|line:964| *#*#*#*#*#*#*#*#*#*原动态处理失败*#*#*#*#*#*#*#*#*#
2026-08-21 16:54:23,397|line:950| https://t.bilibili.com/1238963976070496291
2026-08-21 16:54:27,752|line:345| -352
2026-08-21 16:54:31,060|line:345| -352
2026-08-21 16:54:33,425|line:345| -352
2026-08-21 16:54:37,765|line:345| -352
2026-08-21 16:54:42,119|line:345| -352
2026-08-21 16:54:42,119|line:769| ('GET请求失败', 'https://api.bilibili.com/x/polymer/web-dynamic/v1/detail?timezone_offset=-480&id=1238963976070496291&features=itemOpusStyle')
2026-08-21 16:54:42,119|line:770| error line:751
2026-08-21 16:54:42,120|line:964| *#*#*#*#*#*#*#*#*#*原动态处理失败*#*#*#*#*#*#*#*#*#
2026-08-21 16:54:42,120|line:950| https://t.bilibili.com/1238968359062601735
2026-08-21 16:54:45,469|line:345| -352
2026-08-21 16:54:48,791|line:345| -352
2026-08-21 16:54:51,139|line:345| -352
2026-08-21 16:54:52,453|line:345| -352
2026-08-21 16:54:56,824|line:345| -352
2026-08-21 16:54:56,824|line:769| ('GET请求失败', 'https://api.bilibili.com/x/polymer/web-dynamic/v1/detail?timezone_offset=-480&id=1238968359062601735&features=itemOpusStyle')
2026-08-21 16:54:56,824|line:770| error line:751
2026-08-21 16:54:56,825|line:964| *#*#*#*#*#*#*#*#*#*原动态处理失败*#*#*#*#*#*#*#*#*#
2026-08-21 16:54:56,825|line:950| https://t.bilibili.com/1238968359091961878
2026-08-21 16:54:58,151|line:345| -352
2026-08-21 16:55:02,474|line:345| -352
2026-08-21 16:55:06,790|line:345| -352
2026-08-21 16:55:11,155|line:345| -352
2026-08-21 16:55:14,562|line:345| -352
2026-08-21 16:55:14,563|line:769| ('GET请求失败', 'https://api.bilibili.com/x/polymer/web-dynamic/v1/detail?timezone_offset=-480&id=1238968359091961878&features=itemOpusStyle')
2026-08-21 16:55:14,563|line:770| error line:751
2026-08-21 16:55:14,564|line:964| *#*#*#*#*#*#*#*#*#*原动态处理失败*#*#*#*#*#*#*#*#*#
2026-08-21 16:55:14,564|line:950| https://t.bilibili.com/1238950240726286345
2026-08-21 16:55:17,881|line:345| -352
2026-08-21 16:55:22,198|line:345| -352
2026-08-21 16:55:26,513|line:345| -352
2026-08-21 16:55:28,926|line:345| -352
2026-08-21 16:55:30,254|line:345| -352
2026-08-21 16:55:30,254|line:769| ('GET请求失败', 'https://api.bilibili.com/x/polymer/web-dynamic/v1/detail?timezone_offset=-480&id=1238950240726286345&features=itemOpusStyle')
2026-08-21 16:55:30,254|line:770| error line:751
2026-08-21 16:55:30,255|line:964| *#*#*#*#*#*#*#*#*#*原动态处理失败*#*#*#*#*#*#*#*#*#
2026-08-21 16:55:30,255|line:950| https://t.bilibili.com/1238979382118187012
2026-08-21 16:55:33,594|line:345| -352
2026-08-21 16:55:37,910|line:345| -352
2026-08-21 16:55:40,221|line:345| -352
2026-08-21 16:55:43,563|line:345| -352
2026-08-21 16:55:45,877|line:345| -352
2026-08-21 16:55:45,877|line:769| ('GET请求失败', 'https://api.bilibili.com/x/polymer/web-dynamic/v1/detail?timezone_offset=-480&id=1238979382118187012&features=itemOpusStyle')
2026-08-21 16:55:45,877|line:770| error line:751
2026-08-21 16:55:45,878|line:964| *#*#*#*#*#*#*#*#*#*原动态处理失败*#*#*#*#*#*#*#*#*#
2026-08-21 16:55:45,878|line:950| https://t.bilibili.com/1238958573010026519
2026-08-21 16:55:50,229|line:345| -352
2026-08-21 16:55:52,578|line:345| -352
2026-08-21 16:55:54,936|line:345| -352
2026-08-21 16:55:57,248|line:345| -352
2026-08-21 16:56:00,589|line:345| -352
2026-08-21 16:56:00,589|line:769| ('GET请求失败', 'https://api.bilibili.com/x/polymer/web-dynamic/v1/detail?timezone_offset=-480&id=1238958573010026519&features=itemOpusStyle')
2026-08-21 16:56:00,589|line:770| error line:751
2026-08-21 16:56:00,590|line:964| *#*#*#*#*#*#*#*#*#*原动态处理失败*#*#*#*#*#*#*#*#*#
2026-08-21 16:56:00,590|line:950| https://t.bilibili.com/1238973513048522777
2026-08-21 16:56:03,897|line:345| -352
2026-08-21 16:56:08,240|line:345| -352
2026-08-21 16:56:10,582|line:345| -352
2026-08-21 16:56:13,917|line:345| -352
2026-08-21 16:56:18,329|line:345| -352
2026-08-21 16:56:18,329|line:769| ('GET请求失败', 'https://api.bilibili.com/x/polymer/web-dynamic/v1/detail?timezone_offset=-480&id=1238973513048522777&features=itemOpusStyle')
2026-08-21 16:56:18,329|line:770| error line:751
2026-08-21 16:56:18,330|line:964| *#*#*#*#*#*#*#*#*#*原动态处理失败*#*#*#*#*#*#*#*#*#
2026-08-21 16:56:18,330|line:950| https://t.bilibili.com/1238996304272556041
2026-08-21 16:56:20,632|line:345| -352
2026-08-21 16:56:22,937|line:345| -352
2026-08-21 16:56:24,262|line:345| -352
2026-08-21 16:56:25,605|line:345| -352
2026-08-21 16:56:26,933|line:345| -352
2026-08-21 16:56:26,933|line:769| ('GET请求失败', 'https://api.bilibili.com/x/polymer/web-dynamic/v1/detail?timezone_offset=-480&id=1238996304272556041&features=itemOpusStyle')
2026-08-21 16:56:26,933|line:770| error line:751
2026-08-21 16:56:26,933|line:964| *#*#*#*#*#*#*#*#*#*原动态处理失败*#*#*#*#*#*#*#*#*#
2026-08-21 16:56:26,934|line:950| https://t.bilibili.com/1238992967065141249
2026-08-21 16:56:30,251|line:345| -352
2026-08-21 16:56:34,665|line:345| -352
2026-08-21 16:56:37,972|line:345| -352
2026-08-21 16:56:39,364|line:345| -352
2026-08-21 16:56:41,710|line:345| -352
2026-08-21 16:56:41,710|line:769| ('GET请求失败', 'https://api.bilibili.com/x/polymer/web-dynamic/v1/detail?timezone_offset=-480&id=1238992967065141249&features=itemOpusStyle')
2026-08-21 16:56:41,710|line:770| error line:751
2026-08-21 16:56:41,711|line:964| *#*#*#*#*#*#*#*#*#*原动态处理失败*#*#*#*#*#*#*#*#*#
2026-08-21 16:56:41,711|line:950| https://t.bilibili.com/1238955042511257634
2026-08-21 16:56:44,110|line:345| -352
2026-08-21 16:56:47,434|line:345| -352
2026-08-21 16:56:50,811|line:345| -352
2026-08-21 16:56:53,126|line:345| -352
2026-08-21 16:56:54,497|line:345| -352
2026-08-21 16:56:54,497|line:769| ('GET请求失败', 'https://api.bilibili.com/x/polymer/web-dynamic/v1/detail?timezone_offset=-480&id=1238955042511257634&features=itemOpusStyle')
2026-08-21 16:56:54,497|line:770| error line:751
2026-08-21 16:56:54,498|line:964| *#*#*#*#*#*#*#*#*#*原动态处理失败*#*#*#*#*#*#*#*#*#
2026-08-21 16:56:54,498|line:950| https://t.bilibili.com/1238952897211793412
2026-08-21 16:56:58,854|line:345| -352
2026-08-21 16:57:03,228|line:345| -352
2026-08-21 16:57:07,626|line:345| -352
2026-08-21 16:57:08,942|line:345| -352
2026-08-21 16:57:10,402|line:345| -352
2026-08-21 16:57:10,403|line:769| ('GET请求失败', 'https://api.bilibili.com/x/polymer/web-dynamic/v1/detail?timezone_offset=-480&id=1238952897211793412&features=itemOpusStyle')
2026-08-21 16:57:10,403|line:770| error line:751
2026-08-21 16:57:10,404|line:964| *#*#*#*#*#*#*#*#*#*原动态处理失败*#*#*#*#*#*#*#*#*#
2026-08-21 16:57:10,404|line:950| https://t.bilibili.com/1238964493587841028
2026-08-21 16:57:14,755|line:345| -352
2026-08-21 16:57:17,129|line:345| -352
2026-08-21 16:57:18,496|line:345| -352
2026-08-21 16:57:19,842|line:345| -352
2026-08-21 16:57:23,206|line:345| -352
2026-08-21 16:57:23,206|line:769| ('GET请求失败', 'https://api.bilibili.com/x/polymer/web-dynamic/v1/detail?timezone_offset=-480&id=1238964493587841028&features=itemOpusStyle')
2026-08-21 16:57:23,206|line:770| error line:751
2026-08-21 16:57:23,207|line:964| *#*#*#*#*#*#*#*#*#*原动态处理失败*#*#*#*#*#*#*#*#*#
2026-08-21 16:57:23,207|line:950| https://t.bilibili.com/1238956762624688135
2026-08-21 16:57:24,580|line:345| -352
2026-08-21 16:57:28,957|line:345| -352
2026-08-21 16:57:33,336|line:345| -352
2026-08-21 16:57:35,657|line:345| -352
2026-08-21 16:57:36,996|line:345| -352
2026-08-21 16:57:36,996|line:769| ('GET请求失败', 'https://api.bilibili.com/x/polymer/web-dynamic/v1/detail?timezone_offset=-480&id=1238956762624688135&features=itemOpusStyle')
2026-08-21 16:57:36,996|line:770| error line:751
2026-08-21 16:57:36,997|line:964| *#*#*#*#*#*#*#*#*#*原动态处理失败*#*#*#*#*#*#*#*#*#
2026-08-21 16:57:36,997|line:950| https://t.bilibili.com/1238968359096156160
2026-08-21 16:57:40,308|line:345| -352
2026-08-21 16:57:44,695|line:345| -352
2026-08-21 16:57:49,071|line:345| -352
2026-08-21 16:57:50,389|line:345| -352
2026-08-21 16:57:51,703|line:345| -352
2026-08-21 16:57:51,704|line:769| ('GET请求失败', 'https://api.bilibili.com/x/polymer/web-dynamic/v1/detail?timezone_offset=-480&id=1238968359096156160&features=itemOpusStyle')
2026-08-21 16:57:51,704|line:770| error line:751
2026-08-21 16:57:51,705|line:964| *#*#*#*#*#*#*#*#*#*原动态处理失败*#*#*#*#*#*#*#*#*#
2026-08-21 16:57:51,705|line:950| https://t.bilibili.com/1238940662957604871
2026-08-21 16:57:56,028|line:345| -352
2026-08-21 16:58:00,515|line:345| -352
2026-08-21 16:58:02,829|line:345| -352
2026-08-21 16:58:05,138|line:345| -352
2026-08-21 16:58:07,527|line:345| -352
2026-08-21 16:58:07,527|line:769| ('GET请求失败', 'https://api.bilibili.com/x/polymer/web-dynamic/v1/detail?timezone_offset=-480&id=1238940662957604871&features=itemOpusStyle')
2026-08-21 16:58:07,527|line:770| error line:751
2026-08-21 16:58:07,528|line:964| *#*#*#*#*#*#*#*#*#*原动态处理失败*#*#*#*#*#*#*#*#*#
2026-08-21 16:58:07,528|line:950| https://t.bilibili.com/1238977445065916421
2026-08-21 16:58:09,875|line:345| -352
2026-08-21 16:58:12,256|line:345| -352
2026-08-21 16:58:15,575|line:345| -352
2026-08-21 16:58:16,923|line:345| -352
2026-08-21 16:58:19,322|line:345| -352
2026-08-21 16:58:19,322|line:769| ('GET请求失败', 'https://api.bilibili.com/x/polymer/web-dynamic/v1/detail?timezone_offset=-480&id=1238977445065916421&features=itemOpusStyle')
2026-08-21 16:58:19,322|line:770| error line:751
2026-08-21 16:58:19,323|line:964| *#*#*#*#*#*#*#*#*#*原动态处理失败*#*#*#*#*#*#*#*#*#
2026-08-21 16:58:19,323|line:950| https://t.bilibili.com/1238950708908130313
2026-08-21 16:58:23,661|line:345| -352
2026-08-21 16:58:25,992|line:345| -352
2026-08-21 16:58:29,338|line:345| -352
2026-08-21 16:58:33,677|line:345| -352
2026-08-21 16:58:37,993|line:345| -352
2026-08-21 16:58:37,993|line:769| ('GET请求失败', 'https://api.bilibili.com/x/polymer/web-dynamic/v1/detail?timezone_offset=-480&id=1238950708908130313&features=itemOpusStyle')
2026-08-21 16:58:37,993|line:770| error line:751
2026-08-21 16:58:37,994|line:964| *#*#*#*#*#*#*#*#*#*原动态处理失败*#*#*#*#*#*#*#*#*#
2026-08-21 16:58:37,994|line:950| https://t.bilibili.com/1238923349925560327
2026-08-21 16:58:40,339|line:345| -352
2026-08-21 16:58:43,676|line:345| -352
2026-08-21 16:58:48,018|line:345| -352
2026-08-21 16:58:49,358|line:345| -352
2026-08-21 16:58:52,700|line:345| -352
2026-08-21 16:58:52,700|line:769| ('GET请求失败', 'https://api.bilibili.com/x/polymer/web-dynamic/v1/detail?timezone_offset=-480&id=1238923349925560327&features=itemOpusStyle')
2026-08-21 16:58:52,700|line:770| error line:751
2026-08-21 16:58:52,701|line:964| *#*#*#*#*#*#*#*#*#*原动态处理失败*#*#*#*#*#*#*#*#*#
2026-08-21 16:58:52,701|line:950| https://t.bilibili.com/1238544774368067591
2026-08-21 16:58:55,066|line:345| -352
2026-08-21 16:58:56,425|line:345| -352
2026-08-21 16:58:58,749|line:345| -352
2026-08-21 16:59:01,055|line:345| -352
2026-08-21 16:59:02,399|line:345| -352
2026-08-21 16:59:02,399|line:769| ('GET请求失败', 'https://api.bilibili.com/x/polymer/web-dynamic/v1/detail?timezone_offset=-480&id=1238544774368067591&features=itemOpusStyle')
2026-08-21 16:59:02,399|line:770| error line:751
2026-08-21 16:59:02,400|line:964| *#*#*#*#*#*#*#*#*#*原动态处理失败*#*#*#*#*#*#*#*#*#
2026-08-21 16:59:02,400|line:950| https://t.bilibili.com/1238857774380613652
2026-08-21 16:59:06,756|line:345| -352
2026-08-21 16:59:09,072|line:345| -352
2026-08-21 16:59:10,419|line:345| -352
2026-08-21 16:59:12,766|line:345| -352
2026-08-21 16:59:15,071|line:345| -352
2026-08-21 16:59:15,071|line:769| ('GET请求失败', 'https://api.bilibili.com/x/polymer/web-dynamic/v1/detail?timezone_offset=-480&id=1238857774380613652&features=itemOpusStyle')
2026-08-21 16:59:15,071|line:770| error line:751
2026-08-21 16:59:15,072|line:964| *#*#*#*#*#*#*#*#*#*原动态处理失败*#*#*#*#*#*#*#*#*#
2026-08-21 16:59:15,072|line:950| https://t.bilibili.com/1238836239436611584
2026-08-21 16:59:18,440|line:345| -352
2026-08-21 16:59:21,842|line:345| -352
2026-08-21 16:59:25,193|line:345| -352
2026-08-21 16:59:26,511|line:345| -352
2026-08-21 16:59:27,832|line:345| -352
2026-08-21 16:59:27,832|line:769| ('GET请求失败', 'https://api.bilibili.com/x/polymer/web-dynamic/v1/detail?timezone_offset=-480&id=1238836239436611584&features=itemOpusStyle')
2026-08-21 16:59:27,832|line:770| error line:751
2026-08-21 16:59:27,833|line:964| *#*#*#*#*#*#*#*#*#*原动态处理失败*#*#*#*#*#*#*#*#*#
2026-08-21 16:59:27,833|line:950| https://t.bilibili.com/1238657805036027921
2026-08-21 16:59:32,141|line:345| -352
2026-08-21 16:59:35,468|line:345| -352
2026-08-21 16:59:38,789|line:345| -352
2026-08-21 16:59:41,096|line:345| -352
2026-08-21 16:59:44,438|line:345| -352
2026-08-21 16:59:44,438|line:769| ('GET请求失败', 'https://api.bilibili.com/x/polymer/web-dynamic/v1/detail?timezone_offset=-480&id=1238657805036027921&features=itemOpusStyle')
2026-08-21 16:59:44,438|line:770| error line:751
2026-08-21 16:59:44,439|line:964| *#*#*#*#*#*#*#*#*#*原动态处理失败*#*#*#*#*#*#*#*#*#
2026-08-21 16:59:44,439|line:983| 执行结束
2026-08-21 16:59:44,439|line:988| 执行失败，错误数量为59
2026-08-21 16:59:44,439|line:990| ==================================================2026-08-22 00:59==================================================
2026-08-21 16:59:44,439|line:453| processing article 52526210
2026-08-21 16:59:44,772|line:417| 获取 Article 结构化正文失败 52526210: -509 请求过于频繁，请稍后再试
2026-08-21 16:59:46,128|line:938| ==================================================2026-08-22 00:59==================================================
2026-08-21 16:59:46,129|line:950| https://t.bilibili.com/1224854467309993993
2026-08-21 16:59:46,129|line:952| 已有
2026-08-21 16:59:46,129|line:950| https://t.bilibili.com/1225602319919349764
2026-08-21 16:59:46,129|line:952| 已有
2026-08-21 16:59:46,129|line:950| https://t.bilibili.com/1232309469667393556
2026-08-21 16:59:46,129|line:952| 已有
2026-08-21 16:59:46,129|line:950| https://t.bilibili.com/1234410090970218515
2026-08-21 16:59:46,129|line:952| 已有
2026-08-21 16:59:46,129|line:950| https://t.bilibili.com/1237599563695521797
2026-08-21 16:59:46,129|line:952| 已有
2026-08-21 16:59:46,129|line:950| https://t.bilibili.com/1237967973119950852
2026-08-21 16:59:46,129|line:952| 已有
2026-08-21 16:59:46,129|line:950| https://t.bilibili.com/1238331877095374850
2026-08-21 16:59:46,129|line:952| 已有
2026-08-21 16:59:46,129|line:950| https://t.bilibili.com/1238249381570805794
2026-08-21 16:59:50,477|line:345| -352
2026-08-21 16:59:51,820|line:345| -352
2026-08-21 16:59:56,140|line:345| -352
2026-08-21 17:00:00,517|line:345| -352
2026-08-21 17:00:02,841|line:345| -352
2026-08-21 17:00:02,841|line:769| ('GET请求失败', 'https://api.bilibili.com/x/polymer/web-dynamic/v1/detail?timezone_offset=-480&id=1238249381570805794&features=itemOpusStyle')
2026-08-21 17:00:02,842|line:770| error line:751
2026-08-21 17:00:02,842|line:964| *#*#*#*#*#*#*#*#*#*原动态处理失败*#*#*#*#*#*#*#*#*#
2026-08-21 17:00:02,843|line:950| https://t.bilibili.com/1227031573365260311
2026-08-21 17:00:05,165|line:345| -352
2026-08-21 17:00:09,554|line:763| =========此为源动态=========
2026-08-21 17:00:09,554|line:784| *********子动态开始*********
2026-08-21 17:00:14,726|line:814| *********子动态结束*********
2026-08-21 17:00:14,726|line:968| -=-=-=-=处理回最初的动态-=-=-=-=
2026-08-21 17:00:22,048|line:909| 转发成功 1239068949357789185
2026-08-21 17:00:25,532|line:925| 评论发送成功
2026-08-21 17:00:28,628|line:859| 389217201 === 已经关注了
2026-08-21 17:00:31,968|line:934| 动态-点赞 OK
2026-08-21 17:00:34,968|line:950| https://t.bilibili.com/1227177430436806656
2026-08-21 17:00:37,584|line:763| =========此为源动态=========
2026-08-21 17:00:37,584|line:784| *********子动态开始*********
2026-08-21 17:00:44,791|line:814| *********子动态结束*********
2026-08-21 17:00:44,791|line:968| -=-=-=-=处理回最初的动态-=-=-=-=
2026-08-21 17:00:54,028|line:909| 转发成功 1239069086771576834
2026-08-21 17:00:57,512|line:925| 评论发送成功
2026-08-21 17:01:01,939|line:859| 380830367 === 已经关注了
2026-08-21 17:01:05,316|line:934| 动态-点赞 OK
2026-08-21 17:01:08,316|line:950| https://t.bilibili.com/1228076964122722310
2026-08-21 17:01:09,708|line:763| =========此为源动态=========
2026-08-21 17:01:09,708|line:784| *********子动态开始*********
2026-08-21 17:01:21,239|line:814| *********子动态结束*********
2026-08-21 17:01:21,239|line:968| -=-=-=-=处理回最初的动态-=-=-=-=
2026-08-21 17:01:29,367|line:909| 转发成功 1239069241408225288
2026-08-21 17:01:32,800|line:925| 评论发送成功
2026-08-21 17:01:36,176|line:859| 396808737 === 已经关注了
2026-08-21 17:01:39,543|line:934| 动态-点赞 OK
2026-08-21 17:01:42,544|line:950| https://t.bilibili.com/1228848557119766529
2026-08-21 17:01:45,964|line:763| =========此为源动态=========
2026-08-21 17:01:45,964|line:784| *********子动态开始*********
2026-08-21 17:02:03,070|line:800| 恢复子动态 1230052588907397122
2026-08-21 17:02:10,405|line:909| 转发成功 1239069417513418756
2026-08-21 17:02:13,865|line:925| 评论发送成功
2026-08-21 17:02:20,621|line:859| 1649120489 === 已经关注了
2026-08-21 17:02:20,621|line:809| ----完成一个子动态----
2026-08-21 17:02:24,734|line:800| 恢复子动态 1230404445559324692
2026-08-21 17:02:34,069|line:909| 转发成功 1239069516296618004
2026-08-21 17:02:37,511|line:925| 评论发送成功
2026-08-21 17:02:43,229|line:859| 1719393819 === 已经关注了
2026-08-21 17:02:43,230|line:809| ----完成一个子动态----
2026-08-21 17:02:50,468|line:800| 恢复子动态 1229640117426061360
2026-08-21 17:02:58,722|line:909| 转发成功 1239069623686529024
2026-08-21 17:03:02,170|line:925| 评论发送成功
2026-08-21 17:03:06,900|line:859| 1221637505 === 已经关注了
2026-08-21 17:03:06,901|line:809| ----完成一个子动态----
2026-08-21 17:03:18,786|line:800| 恢复子动态 1229641573468209171
2026-08-21 17:03:28,077|line:909| 转发成功 1239069748219609112
2026-08-21 17:03:31,495|line:925| 评论发送成功
2026-08-21 17:03:37,221|line:859| 1864084681 === 已经关注了
2026-08-21 17:03:37,221|line:809| ----完成一个子动态----
2026-08-21 17:03:45,260|line:800| 恢复子动态 1229674966780215335
2026-08-21 17:03:54,435|line:909| 转发成功 1239069864193163266
2026-08-21 17:03:57,856|line:925| 评论发送成功
2026-08-21 17:04:01,618|line:859| 1779174270 === 已经关注了
2026-08-21 17:04:01,618|line:809| ----完成一个子动态----
2026-08-21 17:04:30,552|line:800| 恢复子动态 1229957781829713928
2026-08-21 17:04:39,791|line:909| 转发成功 1239070057472983081
2026-08-21 17:04:43,195|line:925| 评论发送成功
2026-08-21 17:04:47,963|line:859| 1687728188 === 已经关注了
2026-08-21 17:04:47,964|line:809| ----完成一个子动态----
2026-08-21 17:04:53,132|line:800| 恢复子动态 1229941473806385152
2026-08-21 17:05:03,513|line:909| 转发成功 1239070160543809536
2026-08-21 17:05:06,948|line:925| 评论发送成功
2026-08-21 17:05:11,759|line:859| 627553716 === 已经关注了
2026-08-21 17:05:11,759|line:809| ----完成一个子动态----
2026-08-21 17:05:14,268|line:800| 恢复子动态 1230675943314423842
2026-08-21 17:05:21,169|line:345| -352
2026-08-21 17:05:22,577|line:345| -352
2026-08-21 17:05:24,048|line:345| -352
2026-08-21 17:05:26,443|line:345| -352
2026-08-21 17:05:28,765|line:345| -352
2026-08-21 17:05:28,766|line:812| ('GET请求失败', 'https://api.bilibili.com/x/polymer/web-dynamic/v1/detail?timezone_offset=-480&id=1230675943314423842&features=itemOpusStyle')
2026-08-21 17:05:28,766|line:813| error line:805
2026-08-21 17:05:42,003|line:800| 恢复子动态 1230052077820968962
2026-08-21 17:05:46,802|line:345| -352
2026-08-21 17:05:49,124|line:345| -352
2026-08-21 17:05:53,451|line:345| -352
2026-08-21 17:05:56,763|line:345| -352
2026-08-21 17:05:59,122|line:345| -352
2026-08-21 17:05:59,122|line:812| ('GET请求失败', 'https://api.bilibili.com/x/polymer/web-dynamic/v1/detail?timezone_offset=-480&id=1230052077820968962&features=itemOpusStyle')
2026-08-21 17:05:59,122|line:813| error line:805
2026-08-21 17:06:03,668|line:800| 恢复子动态 1230079385211502627
2026-08-21 17:06:08,466|line:345| -352
2026-08-21 17:06:09,810|line:345| -352
2026-08-21 17:06:12,166|line:345| -352
2026-08-21 17:06:19,109|line:909| 转发成功 1239070486915186694
2026-08-21 17:06:22,522|line:925| 评论发送成功
2026-08-21 17:06:26,217|line:859| 1338030495 === 已经关注了
2026-08-21 17:06:26,217|line:809| ----完成一个子动态----
2026-08-21 17:06:53,845|line:800| 恢复子动态 1229921214465572881
2026-08-21 17:06:59,590|line:345| -352
2026-08-21 17:07:02,950|line:345| -352
2026-08-21 17:07:07,902|line:909| 转发成功 1239070693117657112
2026-08-21 17:07:11,307|line:925| 评论发送成功
2026-08-21 17:07:18,998|line:859| 476645168 === 已经关注了
2026-08-21 17:07:18,998|line:809| ----完成一个子动态----
2026-08-21 17:07:20,667|line:800| 恢复子动态 1229919943154204697
2026-08-21 17:07:27,442|line:345| -352
2026-08-21 17:07:29,763|line:345| -352
2026-08-21 17:07:34,088|line:345| -352
2026-08-21 17:07:38,435|line:345| -352
2026-08-21 17:07:40,808|line:345| -352
2026-08-21 17:07:40,808|line:812| ('GET请求失败', 'https://api.bilibili.com/x/polymer/web-dynamic/v1/detail?timezone_offset=-480&id=1229919943154204697&features=itemOpusStyle')
2026-08-21 17:07:40,808|line:813| error line:805
2026-08-21 17:08:03,754|line:814| *********子动态结束*********
2026-08-21 17:08:03,755|line:968| -=-=-=-=处理回最初的动态-=-=-=-=
2026-08-21 17:08:11,498|line:345| -352
2026-08-21 17:08:15,808|line:345| -352
2026-08-21 17:08:18,164|line:345| -352
2026-08-21 17:08:22,520|line:345| -352
2026-08-21 17:08:26,858|line:345| -352
2026-08-21 17:08:26,858|line:979| ('GET请求失败', 'https://api.bilibili.com/x/polymer/web-dynamic/v1/detail?timezone_offset=-480&id=1228848557119766529&features=itemOpusStyle')
2026-08-21 17:08:26,858|line:980| error line:971
2026-08-21 17:08:30,859|line:950| https://t.bilibili.com/1228977335283220504
2026-08-21 17:08:35,210|line:345| -352
2026-08-21 17:08:37,559|line:345| -352
2026-08-21 17:08:40,946|line:345| -352
2026-08-21 17:08:42,312|line:345| -352
2026-08-21 17:08:45,663|line:345| -352
2026-08-21 17:08:45,663|line:769| ('GET请求失败', 'https://api.bilibili.com/x/polymer/web-dynamic/v1/detail?timezone_offset=-480&id=1228977335283220504&features=itemOpusStyle')
2026-08-21 17:08:45,664|line:770| error line:751
2026-08-21 17:08:45,664|line:964| *#*#*#*#*#*#*#*#*#*原动态处理失败*#*#*#*#*#*#*#*#*#
2026-08-21 17:08:45,665|line:950| https://t.bilibili.com/1230769101117325333
2026-08-21 17:08:50,052|line:345| -352
2026-08-21 17:08:53,395|line:345| -352
2026-08-21 17:08:55,786|line:345| -352
2026-08-21 17:08:59,160|line:345| -352
2026-08-21 17:09:01,509|line:345| -352
2026-08-21 17:09:01,509|line:769| ('GET请求失败', 'https://api.bilibili.com/x/polymer/web-dynamic/v1/detail?timezone_offset=-480&id=1230769101117325333&features=itemOpusStyle')
2026-08-21 17:09:01,509|line:770| error line:751
2026-08-21 17:09:01,510|line:964| *#*#*#*#*#*#*#*#*#*原动态处理失败*#*#*#*#*#*#*#*#*#
2026-08-21 17:09:01,510|line:950| https://t.bilibili.com/1232641938809683986
2026-08-21 17:09:04,868|line:345| -352
2026-08-21 17:09:06,286|line:345| -352
2026-08-21 17:09:10,685|line:345| -352
2026-08-21 17:09:12,007|line:345| -352
2026-08-21 17:09:13,414|line:345| -352
2026-08-21 17:09:13,415|line:769| ('GET请求失败', 'https://api.bilibili.com/x/polymer/web-dynamic/v1/detail?timezone_offset=-480&id=1232641938809683986&features=itemOpusStyle')
2026-08-21 17:09:13,415|line:770| error line:751
2026-08-21 17:09:13,415|line:964| *#*#*#*#*#*#*#*#*#*原动态处理失败*#*#*#*#*#*#*#*#*#
2026-08-21 17:09:13,415|line:950| https://t.bilibili.com/1232503993072091145
2026-08-21 17:09:17,787|line:345| -352
2026-08-21 17:09:19,149|line:345| -352
2026-08-21 17:09:23,470|line:345| -352
2026-08-21 17:09:25,858|line:345| -352
2026-08-21 17:09:30,168|line:345| -352
2026-08-21 17:09:30,168|line:769| ('GET请求失败', 'https://api.bilibili.com/x/polymer/web-dynamic/v1/detail?timezone_offset=-480&id=1232503993072091145&features=itemOpusStyle')
2026-08-21 17:09:30,168|line:770| error line:751
2026-08-21 17:09:30,169|line:964| *#*#*#*#*#*#*#*#*#*原动态处理失败*#*#*#*#*#*#*#*#*#
2026-08-21 17:09:30,169|line:950| https://t.bilibili.com/1233037973472149543
2026-08-21 17:09:33,529|line:345| -352
2026-08-21 17:09:34,844|line:345| -352
2026-08-21 17:09:38,185|line:345| -352
2026-08-21 17:09:41,519|line:345| -352
2026-08-21 17:09:42,922|line:345| -352
2026-08-21 17:09:42,922|line:769| ('GET请求失败', 'https://api.bilibili.com/x/polymer/web-dynamic/v1/detail?timezone_offset=-480&id=1233037973472149543&features=itemOpusStyle')
2026-08-21 17:09:42,923|line:770| error line:751
2026-08-21 17:09:42,923|line:964| *#*#*#*#*#*#*#*#*#*原动态处理失败*#*#*#*#*#*#*#*#*#
2026-08-21 17:09:42,924|line:950| https://t.bilibili.com/1233715148070322179
2026-08-21 17:09:45,291|line:345| -352
2026-08-21 17:09:46,631|line:345| -352
2026-08-21 17:09:47,971|line:345| -352
2026-08-21 17:09:50,277|line:345| -352
2026-08-21 17:09:52,583|line:345| -352
2026-08-21 17:09:52,583|line:769| ('GET请求失败', 'https://api.bilibili.com/x/polymer/web-dynamic/v1/detail?timezone_offset=-480&id=1233715148070322179&features=itemOpusStyle')
2026-08-21 17:09:52,583|line:770| error line:751
2026-08-21 17:09:52,583|line:964| *#*#*#*#*#*#*#*#*#*原动态处理失败*#*#*#*#*#*#*#*#*#
2026-08-21 17:09:52,584|line:950| https://t.bilibili.com/1232900281100926980
2026-08-21 17:09:53,978|line:345| -352
2026-08-21 17:09:56,306|line:345| -352
2026-08-21 17:09:59,715|line:345| -352
2026-08-21 17:10:01,073|line:345| -352
2026-08-21 17:10:05,423|line:345| -352
2026-08-21 17:10:05,423|line:769| ('GET请求失败', 'https://api.bilibili.com/x/polymer/web-dynamic/v1/detail?timezone_offset=-480&id=1232900281100926980&features=itemOpusStyle')
2026-08-21 17:10:05,423|line:770| error line:751
2026-08-21 17:10:05,424|line:964| *#*#*#*#*#*#*#*#*#*原动态处理失败*#*#*#*#*#*#*#*#*#
2026-08-21 17:10:05,425|line:950| https://t.bilibili.com/1235147871862390791
2026-08-21 17:10:07,749|line:345| -352
2026-08-21 17:10:09,063|line:345| -352
2026-08-21 17:10:12,379|line:345| -352
2026-08-21 17:10:15,795|line:345| -352
2026-08-21 17:10:17,119|line:345| -352
2026-08-21 17:10:17,119|line:769| ('GET请求失败', 'https://api.bilibili.com/x/polymer/web-dynamic/v1/detail?timezone_offset=-480&id=1235147871862390791&features=itemOpusStyle')
2026-08-21 17:10:17,120|line:770| error line:751
2026-08-21 17:10:17,120|line:964| *#*#*#*#*#*#*#*#*#*原动态处理失败*#*#*#*#*#*#*#*#*#
2026-08-21 17:10:17,121|line:950| https://t.bilibili.com/1235095157555068933
2026-08-21 17:10:20,461|line:345| -352
2026-08-21 17:10:22,782|line:345| -352
2026-08-21 17:10:27,116|line:345| -352
2026-08-21 17:10:31,460|line:345| -352
2026-08-21 17:10:33,808|line:345| -352
2026-08-21 17:10:33,808|line:769| ('GET请求失败', 'https://api.bilibili.com/x/polymer/web-dynamic/v1/detail?timezone_offset=-480&id=1235095157555068933&features=itemOpusStyle')
2026-08-21 17:10:33,808|line:770| error line:751
2026-08-21 17:10:33,809|line:964| *#*#*#*#*#*#*#*#*#*原动态处理失败*#*#*#*#*#*#*#*#*#
2026-08-21 17:10:33,809|line:950| https://t.bilibili.com/1235236704620642307
2026-08-21 17:10:37,145|line:345| -352
2026-08-21 17:10:40,599|line:345| -352
2026-08-21 17:10:43,978|line:345| -352
2026-08-21 17:10:45,322|line:345| -352
2026-08-21 17:10:47,682|line:345| -352
2026-08-21 17:10:47,682|line:769| ('GET请求失败', 'https://api.bilibili.com/x/polymer/web-dynamic/v1/detail?timezone_offset=-480&id=1235236704620642307&features=itemOpusStyle')
2026-08-21 17:10:47,682|line:770| error line:751
2026-08-21 17:10:47,683|line:964| *#*#*#*#*#*#*#*#*#*原动态处理失败*#*#*#*#*#*#*#*#*#
2026-08-21 17:10:47,683|line:950| https://t.bilibili.com/1235234314490216471
2026-08-21 17:10:48,998|line:345| -352
2026-08-21 17:10:53,377|line:345| -352
2026-08-21 17:10:56,698|line:345| -352
2026-08-21 17:10:59,012|line:345| -352
2026-08-21 17:11:02,326|line:345| -352
2026-08-21 17:11:02,326|line:769| ('GET请求失败', 'https://api.bilibili.com/x/polymer/web-dynamic/v1/detail?timezone_offset=-480&id=1235234314490216471&features=itemOpusStyle')
2026-08-21 17:11:02,326|line:770| error line:751
2026-08-21 17:11:02,327|line:964| *#*#*#*#*#*#*#*#*#*原动态处理失败*#*#*#*#*#*#*#*#*#
2026-08-21 17:11:02,327|line:950| https://t.bilibili.com/1235700720000303154
2026-08-21 17:11:04,645|line:345| -352
2026-08-21 17:11:05,994|line:345| -352
2026-08-21 17:11:07,309|line:345| -352
2026-08-21 17:11:08,612|line:345| -352
2026-08-21 17:11:12,952|line:345| -352
2026-08-21 17:11:12,953|line:769| ('GET请求失败', 'https://api.bilibili.com/x/polymer/web-dynamic/v1/detail?timezone_offset=-480&id=1235700720000303154&features=itemOpusStyle')
2026-08-21 17:11:12,953|line:770| error line:751
2026-08-21 17:11:12,953|line:964| *#*#*#*#*#*#*#*#*#*原动态处理失败*#*#*#*#*#*#*#*#*#
2026-08-21 17:11:12,953|line:950| https://t.bilibili.com/1236375029865775106
2026-08-21 17:11:17,303|line:345| -352
2026-08-21 17:11:19,669|line:345| -352
2026-08-21 17:11:22,021|line:345| -352
2026-08-21 17:11:23,339|line:345| -352
2026-08-21 17:11:27,667|line:345| -352
2026-08-21 17:11:27,667|line:769| ('GET请求失败', 'https://api.bilibili.com/x/polymer/web-dynamic/v1/detail?timezone_offset=-480&id=1236375029865775106&features=itemOpusStyle')
2026-08-21 17:11:27,667|line:770| error line:751
2026-08-21 17:11:27,668|line:964| *#*#*#*#*#*#*#*#*#*原动态处理失败*#*#*#*#*#*#*#*#*#
2026-08-21 17:11:27,668|line:950| https://t.bilibili.com/1236827075233447941
2026-08-21 17:11:31,024|line:345| -352
2026-08-21 17:11:34,343|line:345| -352
2026-08-21 17:11:35,733|line:345| -352
2026-08-21 17:11:39,087|line:345| -352
2026-08-21 17:11:40,430|line:345| -352
2026-08-21 17:11:40,430|line:769| ('GET请求失败', 'https://api.bilibili.com/x/polymer/web-dynamic/v1/detail?timezone_offset=-480&id=1236827075233447941&features=itemOpusStyle')
2026-08-21 17:11:40,431|line:770| error line:751
2026-08-21 17:11:40,431|line:964| *#*#*#*#*#*#*#*#*#*原动态处理失败*#*#*#*#*#*#*#*#*#
2026-08-21 17:11:40,432|line:950| https://t.bilibili.com/1237135406577745928
2026-08-21 17:11:43,860|line:345| -352
2026-08-21 17:11:47,216|line:345| -352
2026-08-21 17:11:48,533|line:345| -352
2026-08-21 17:11:51,859|line:345| -352
2026-08-21 17:11:56,171|line:345| -352
2026-08-21 17:11:56,171|line:769| ('GET请求失败', 'https://api.bilibili.com/x/polymer/web-dynamic/v1/detail?timezone_offset=-480&id=1237135406577745928&features=itemOpusStyle')
2026-08-21 17:11:56,171|line:770| error line:751
2026-08-21 17:11:56,172|line:964| *#*#*#*#*#*#*#*#*#*原动态处理失败*#*#*#*#*#*#*#*#*#
2026-08-21 17:11:56,172|line:950| https://t.bilibili.com/1237345602333835302
2026-08-21 17:11:58,516|line:345| -352
2026-08-21 17:12:02,863|line:345| -352
2026-08-21 17:12:05,292|line:345| -352
2026-08-21 17:12:06,614|line:345| -352
2026-08-21 17:12:08,926|line:345| -352
2026-08-21 17:12:08,926|line:769| ('GET请求失败', 'https://api.bilibili.com/x/polymer/web-dynamic/v1/detail?timezone_offset=-480&id=1237345602333835302&features=itemOpusStyle')
2026-08-21 17:12:08,926|line:770| error line:751
2026-08-21 17:12:08,927|line:964| *#*#*#*#*#*#*#*#*#*原动态处理失败*#*#*#*#*#*#*#*#*#
2026-08-21 17:12:08,928|line:950| https://t.bilibili.com/1237352592371089414
2026-08-21 17:12:11,269|line:345| -352
2026-08-21 17:12:13,760|line:345| -352
2026-08-21 17:12:17,120|line:345| -352
2026-08-21 17:12:18,463|line:345| -352
2026-08-21 17:12:20,807|line:345| -352
2026-08-21 17:12:20,807|line:769| ('GET请求失败', 'https://api.bilibili.com/x/polymer/web-dynamic/v1/detail?timezone_offset=-480&id=1237352592371089414&features=itemOpusStyle')
2026-08-21 17:12:20,807|line:770| error line:751
2026-08-21 17:12:20,808|line:964| *#*#*#*#*#*#*#*#*#*原动态处理失败*#*#*#*#*#*#*#*#*#
2026-08-21 17:12:20,808|line:950| https://t.bilibili.com/1237474601679716385
2026-08-21 17:12:24,115|line:345| -352
2026-08-21 17:12:28,456|line:345| -352
2026-08-21 17:12:30,804|line:345| -352
2026-08-21 17:12:34,187|line:345| -352
2026-08-21 17:12:38,499|line:345| -352
2026-08-21 17:12:38,499|line:769| ('GET请求失败', 'https://api.bilibili.com/x/polymer/web-dynamic/v1/detail?timezone_offset=-480&id=1237474601679716385&features=itemOpusStyle')
2026-08-21 17:12:38,499|line:770| error line:751
2026-08-21 17:12:38,500|line:964| *#*#*#*#*#*#*#*#*#*原动态处理失败*#*#*#*#*#*#*#*#*#
2026-08-21 17:12:38,500|line:950| https://t.bilibili.com/1237812430897152001
2026-08-21 17:12:38,500|line:952| 已有
2026-08-21 17:12:38,501|line:950| https://t.bilibili.com/1237800986977763334
2026-08-21 17:12:38,501|line:952| 已有
2026-08-21 17:12:38,501|line:950| https://t.bilibili.com/1238079300837572611
2026-08-21 17:12:38,501|line:952| 已有
2026-08-21 17:12:38,501|line:950| https://t.bilibili.com/1238102493672505364
2026-08-21 17:12:38,501|line:952| 已有
2026-08-21 17:12:38,501|line:950| https://t.bilibili.com/1238088189281828887
2026-08-21 17:12:40,819|line:345| -352
2026-08-21 17:12:42,182|line:345| -352
2026-08-21 17:12:43,513|line:345| -352
2026-08-21 17:12:45,835|line:345| -352
2026-08-21 17:12:49,212|line:345| -352
2026-08-21 17:12:49,212|line:769| ('GET请求失败', 'https://api.bilibili.com/x/polymer/web-dynamic/v1/detail?timezone_offset=-480&id=1238088189281828887&features=itemOpusStyle')
2026-08-21 17:12:49,212|line:770| error line:751
2026-08-21 17:12:49,213|line:964| *#*#*#*#*#*#*#*#*#*原动态处理失败*#*#*#*#*#*#*#*#*#
2026-08-21 17:12:49,213|line:950| https://t.bilibili.com/1237846597344165907
2026-08-21 17:12:52,534|line:345| -352
2026-08-21 17:12:54,912|line:345| -352
2026-08-21 17:12:56,254|line:345| -352
2026-08-21 17:13:00,566|line:345| -352
2026-08-21 17:13:02,890|line:345| -352
2026-08-21 17:13:02,890|line:769| ('GET请求失败', 'https://api.bilibili.com/x/polymer/web-dynamic/v1/detail?timezone_offset=-480&id=1237846597344165907&features=itemOpusStyle')
2026-08-21 17:13:02,890|line:770| error line:751
2026-08-21 17:13:02,891|line:964| *#*#*#*#*#*#*#*#*#*原动态处理失败*#*#*#*#*#*#*#*#*#
2026-08-21 17:13:02,891|line:950| https://t.bilibili.com/1237842607327936548
2026-08-21 17:13:05,248|line:345| -352
2026-08-21 17:13:07,634|line:345| -352
2026-08-21 17:13:10,066|line:345| -352
2026-08-21 17:13:11,464|line:345| -352
2026-08-21 17:13:14,976|line:345| -352
2026-08-21 17:13:14,976|line:769| ('GET请求失败', 'https://api.bilibili.com/x/polymer/web-dynamic/v1/detail?timezone_offset=-480&id=1237842607327936548&features=itemOpusStyle')
2026-08-21 17:13:14,976|line:770| error line:751
2026-08-21 17:13:14,977|line:964| *#*#*#*#*#*#*#*#*#*原动态处理失败*#*#*#*#*#*#*#*#*#
2026-08-21 17:13:14,977|line:950| https://t.bilibili.com/1238094762739761161
2026-08-21 17:13:16,355|line:345| -352
2026-08-21 17:13:18,715|line:345| -352
2026-08-21 17:13:20,071|line:345| -352
2026-08-21 17:13:22,437|line:345| -352
2026-08-21 17:13:23,787|line:345| -352
2026-08-21 17:13:23,787|line:769| ('GET请求失败', 'https://api.bilibili.com/x/polymer/web-dynamic/v1/detail?timezone_offset=-480&id=1238094762739761161&features=itemOpusStyle')
2026-08-21 17:13:23,787|line:770| error line:751
2026-08-21 17:13:23,788|line:964| *#*#*#*#*#*#*#*#*#*原动态处理失败*#*#*#*#*#*#*#*#*#
2026-08-21 17:13:23,788|line:950| https://t.bilibili.com/1238583523551477760
2026-08-21 17:13:28,127|line:345| -352
2026-08-21 17:13:30,537|line:345| -352
2026-08-21 17:13:32,853|line:345| -352
2026-08-21 17:13:34,170|line:345| -352
2026-08-21 17:13:38,518|line:345| -352
2026-08-21 17:13:38,518|line:769| ('GET请求失败', 'https://api.bilibili.com/x/polymer/web-dynamic/v1/detail?timezone_offset=-480&id=1238583523551477760&features=itemOpusStyle')
2026-08-21 17:13:38,518|line:770| error line:751
2026-08-21 17:13:38,519|line:964| *#*#*#*#*#*#*#*#*#*原动态处理失败*#*#*#*#*#*#*#*#*#
2026-08-21 17:13:38,519|line:950| https://t.bilibili.com/1229640117426061360
2026-08-21 17:13:38,519|line:952| 已有
2026-08-21 17:13:38,519|line:950| https://t.bilibili.com/1229640108869681169
2026-08-21 17:13:40,918|line:345| -352
2026-08-21 17:13:43,236|line:345| -352
2026-08-21 17:13:45,588|line:345| -352
2026-08-21 17:13:47,986|line:345| -352
2026-08-21 17:13:51,328|line:345| -352
2026-08-21 17:13:51,328|line:769| ('GET请求失败', 'https://api.bilibili.com/x/polymer/web-dynamic/v1/detail?timezone_offset=-480&id=1229640108869681169&features=itemOpusStyle')
2026-08-21 17:13:51,328|line:770| error line:751
2026-08-21 17:13:51,329|line:964| *#*#*#*#*#*#*#*#*#*原动态处理失败*#*#*#*#*#*#*#*#*#
2026-08-21 17:13:51,329|line:950| https://t.bilibili.com/1229641573468209171
2026-08-21 17:13:51,329|line:952| 已有
2026-08-21 17:13:51,329|line:950| https://t.bilibili.com/1229642303610552338
2026-08-21 17:13:54,671|line:345| -352
2026-08-21 17:13:58,034|line:345| -352
2026-08-21 17:13:59,340|line:345| -352
2026-08-21 17:14:02,682|line:345| -352
2026-08-21 17:14:04,023|line:345| -352
2026-08-21 17:14:04,024|line:769| ('GET请求失败', 'https://api.bilibili.com/x/polymer/web-dynamic/v1/detail?timezone_offset=-480&id=1229642303610552338&features=itemOpusStyle')
2026-08-21 17:14:04,024|line:770| error line:751
2026-08-21 17:14:04,025|line:964| *#*#*#*#*#*#*#*#*#*原动态处理失败*#*#*#*#*#*#*#*#*#
2026-08-21 17:14:04,025|line:950| https://t.bilibili.com/1229647229921263637
2026-08-21 17:14:06,342|line:345| -352
2026-08-21 17:14:08,778|line:345| -352
2026-08-21 17:14:13,114|line:345| -352
2026-08-21 17:14:17,483|line:345| -352
2026-08-21 17:14:19,832|line:345| -352
2026-08-21 17:14:19,832|line:769| ('GET请求失败', 'https://api.bilibili.com/x/polymer/web-dynamic/v1/detail?timezone_offset=-480&id=1229647229921263637&features=itemOpusStyle')
2026-08-21 17:14:19,832|line:770| error line:751
2026-08-21 17:14:19,833|line:964| *#*#*#*#*#*#*#*#*#*原动态处理失败*#*#*#*#*#*#*#*#*#
2026-08-21 17:14:19,833|line:950| https://t.bilibili.com/1229674966780215335
2026-08-21 17:14:19,833|line:952| 已有
2026-08-21 17:14:19,833|line:950| https://t.bilibili.com/1229919943154204697
2026-08-21 17:14:21,159|line:345| -352
2026-08-21 17:14:22,499|line:345| -352
2026-08-21 17:14:26,813|line:345| -352
2026-08-21 17:14:28,133|line:345| -352
2026-08-21 17:14:32,474|line:345| -352
2026-08-21 17:14:32,474|line:769| ('GET请求失败', 'https://api.bilibili.com/x/polymer/web-dynamic/v1/detail?timezone_offset=-480&id=1229919943154204697&features=itemOpusStyle')
2026-08-21 17:14:32,474|line:770| error line:751
2026-08-21 17:14:32,475|line:964| *#*#*#*#*#*#*#*#*#*原动态处理失败*#*#*#*#*#*#*#*#*#
2026-08-21 17:14:32,475|line:950| https://t.bilibili.com/1229921214465572881
2026-08-21 17:14:32,475|line:952| 已有
2026-08-21 17:14:32,475|line:950| https://t.bilibili.com/1229941473806385152
2026-08-21 17:14:32,475|line:952| 已有
2026-08-21 17:14:32,475|line:950| https://t.bilibili.com/1229957781829713928
2026-08-21 17:14:32,475|line:952| 已有
2026-08-21 17:14:32,475|line:950| https://t.bilibili.com/1230052077820968962
2026-08-21 17:14:36,817|line:345| -352
2026-08-21 17:14:38,159|line:345| -352
2026-08-21 17:14:41,517|line:345| -352
2026-08-21 17:14:45,899|line:345| -352
2026-08-21 17:14:47,227|line:345| -352
2026-08-21 17:14:47,227|line:769| ('GET请求失败', 'https://api.bilibili.com/x/polymer/web-dynamic/v1/detail?timezone_offset=-480&id=1230052077820968962&features=itemOpusStyle')
2026-08-21 17:14:47,227|line:770| error line:751
2026-08-21 17:14:47,228|line:964| *#*#*#*#*#*#*#*#*#*原动态处理失败*#*#*#*#*#*#*#*#*#
2026-08-21 17:14:47,228|line:950| https://t.bilibili.com/1230079385211502627
2026-08-21 17:14:47,228|line:952| 已有
2026-08-21 17:14:47,228|line:950| https://t.bilibili.com/1230330164094697512
2026-08-21 17:14:50,573|line:345| -352
2026-08-21 17:14:52,889|line:345| -352
2026-08-21 17:14:57,198|line:345| -352
2026-08-21 17:14:58,508|line:345| -352
2026-08-21 17:15:00,854|line:345| -352
2026-08-21 17:15:00,854|line:769| ('GET请求失败', 'https://api.bilibili.com/x/polymer/web-dynamic/v1/detail?timezone_offset=-480&id=1230330164094697512&features=itemOpusStyle')
2026-08-21 17:15:00,854|line:770| error line:751
2026-08-21 17:15:00,855|line:964| *#*#*#*#*#*#*#*#*#*原动态处理失败*#*#*#*#*#*#*#*#*#
2026-08-21 17:15:00,855|line:950| https://t.bilibili.com/1229682826580852756
2026-08-21 17:15:04,274|line:345| -352
2026-08-21 17:15:05,592|line:345| -352
2026-08-21 17:15:08,936|line:345| -352
2026-08-21 17:15:10,296|line:345| -352
2026-08-21 17:15:11,629|line:345| -352
2026-08-21 17:15:11,629|line:769| ('GET请求失败', 'https://api.bilibili.com/x/polymer/web-dynamic/v1/detail?timezone_offset=-480&id=1229682826580852756&features=itemOpusStyle')
2026-08-21 17:15:11,629|line:770| error line:751
2026-08-21 17:15:11,630|line:964| *#*#*#*#*#*#*#*#*#*原动态处理失败*#*#*#*#*#*#*#*#*#
2026-08-21 17:15:11,630|line:950| https://t.bilibili.com/1230052588907397122
2026-08-21 17:15:11,630|line:952| 已有
2026-08-21 17:15:11,630|line:950| https://t.bilibili.com/1230404445559324692
2026-08-21 17:15:11,630|line:952| 已有
2026-08-21 17:15:11,630|line:950| https://t.bilibili.com/1230675943314423842
2026-08-21 17:15:13,038|line:345| -352
2026-08-21 17:15:16,386|line:345| -352
2026-08-21 17:15:20,735|line:345| -352
2026-08-21 17:15:23,050|line:345| -352
2026-08-21 17:15:26,366|line:345| -352
2026-08-21 17:15:26,366|line:769| ('GET请求失败', 'https://api.bilibili.com/x/polymer/web-dynamic/v1/detail?timezone_offset=-480&id=1230675943314423842&features=itemOpusStyle')
2026-08-21 17:15:26,366|line:770| error line:751
2026-08-21 17:15:26,367|line:964| *#*#*#*#*#*#*#*#*#*原动态处理失败*#*#*#*#*#*#*#*#*#
2026-08-21 17:15:26,367|line:950| https://t.bilibili.com/1238177163793924105
2026-08-21 17:15:30,679|line:345| -352
2026-08-21 17:15:33,003|line:345| -352
2026-08-21 17:15:36,320|line:345| -352
2026-08-21 17:15:37,708|line:345| -352
2026-08-21 17:15:42,066|line:345| -352
2026-08-21 17:15:42,066|line:769| ('GET请求失败', 'https://api.bilibili.com/x/polymer/web-dynamic/v1/detail?timezone_offset=-480&id=1238177163793924105&features=itemOpusStyle')
2026-08-21 17:15:42,066|line:770| error line:751
2026-08-21 17:15:42,066|line:964| *#*#*#*#*#*#*#*#*#*原动态处理失败*#*#*#*#*#*#*#*#*#
2026-08-21 17:15:42,067|line:950| https://t.bilibili.com/1235613613826244624
2026-08-21 17:15:45,373|line:345| -352
2026-08-21 17:15:48,701|line:345| -352
2026-08-21 17:15:53,068|line:345| -352
2026-08-21 17:15:56,391|line:345| -352
2026-08-21 17:15:57,702|line:345| -352
2026-08-21 17:15:57,702|line:769| ('GET请求失败', 'https://api.bilibili.com/x/polymer/web-dynamic/v1/detail?timezone_offset=-480&id=1235613613826244624&features=itemOpusStyle')
2026-08-21 17:15:57,703|line:770| error line:751
2026-08-21 17:15:57,703|line:964| *#*#*#*#*#*#*#*#*#*原动态处理失败*#*#*#*#*#*#*#*#*#
2026-08-21 17:15:57,703|line:950| https://t.bilibili.com/1236347937260306472
2026-08-21 17:16:01,013|line:345| -352
2026-08-21 17:16:05,353|line:345| -352
2026-08-21 17:16:09,696|line:345| -352
2026-08-21 17:16:14,043|line:345| -352
2026-08-21 17:16:17,379|line:345| -352
2026-08-21 17:16:17,380|line:769| ('GET请求失败', 'https://api.bilibili.com/x/polymer/web-dynamic/v1/detail?timezone_offset=-480&id=1236347937260306472&features=itemOpusStyle')
2026-08-21 17:16:17,380|line:770| error line:751
2026-08-21 17:16:17,380|line:964| *#*#*#*#*#*#*#*#*#*原动态处理失败*#*#*#*#*#*#*#*#*#
2026-08-21 17:16:17,381|line:950| https://t.bilibili.com/1236348529955307554
2026-08-21 17:16:17,381|line:952| 已有
2026-08-21 17:16:17,381|line:950| https://t.bilibili.com/1236349754033569817
2026-08-21 17:16:21,756|line:345| -352
2026-08-21 17:16:25,074|line:345| -352
2026-08-21 17:16:27,388|line:345| -352
2026-08-21 17:16:29,729|line:345| -352
2026-08-21 17:16:32,116|line:345| -352
2026-08-21 17:16:32,117|line:769| ('GET请求失败', 'https://api.bilibili.com/x/polymer/web-dynamic/v1/detail?timezone_offset=-480&id=1236349754033569817&features=itemOpusStyle')
2026-08-21 17:16:32,117|line:770| error line:751
2026-08-21 17:16:32,117|line:964| *#*#*#*#*#*#*#*#*#*原动态处理失败*#*#*#*#*#*#*#*#*#
2026-08-21 17:16:32,118|line:950| https://t.bilibili.com/1236358447034794025
2026-08-21 17:16:33,468|line:345| -352
2026-08-21 17:16:34,785|line:345| -352
2026-08-21 17:16:37,121|line:345| -352
2026-08-21 17:16:40,428|line:345| -352
2026-08-21 17:16:41,751|line:345| -352
2026-08-21 17:16:41,751|line:769| ('GET请求失败', 'https://api.bilibili.com/x/polymer/web-dynamic/v1/detail?timezone_offset=-480&id=1236358447034794025&features=itemOpusStyle')
2026-08-21 17:16:41,752|line:770| error line:751
2026-08-21 17:16:41,752|line:964| *#*#*#*#*#*#*#*#*#*原动态处理失败*#*#*#*#*#*#*#*#*#
2026-08-21 17:16:41,753|line:950| https://t.bilibili.com/1236367719828291590
2026-08-21 17:16:44,115|line:345| -352
2026-08-21 17:16:47,453|line:345| -352
2026-08-21 17:16:49,878|line:345| -352
2026-08-21 17:16:52,191|line:345| -352
2026-08-21 17:16:53,520|line:345| -352
2026-08-21 17:16:53,520|line:769| ('GET请求失败', 'https://api.bilibili.com/x/polymer/web-dynamic/v1/detail?timezone_offset=-480&id=1236367719828291590&features=itemOpusStyle')
2026-08-21 17:16:53,520|line:770| error line:751
2026-08-21 17:16:53,521|line:964| *#*#*#*#*#*#*#*#*#*原动态处理失败*#*#*#*#*#*#*#*#*#
2026-08-21 17:16:53,521|line:950| https://t.bilibili.com/1236711918569259031
2026-08-21 17:16:53,521|line:952| 已有
2026-08-21 17:16:53,521|line:950| https://t.bilibili.com/1235148945600020503
2026-08-21 17:16:55,864|line:345| -352
2026-08-21 17:17:00,212|line:345| -352
2026-08-21 17:17:03,579|line:345| -352
2026-08-21 17:17:04,889|line:345| -352
2026-08-21 17:17:09,279|line:345| -352
2026-08-21 17:17:09,279|line:769| ('GET请求失败', 'https://api.bilibili.com/x/polymer/web-dynamic/v1/detail?timezone_offset=-480&id=1235148945600020503&features=itemOpusStyle')
2026-08-21 17:17:09,279|line:770| error line:751
2026-08-21 17:17:09,279|line:964| *#*#*#*#*#*#*#*#*#*原动态处理失败*#*#*#*#*#*#*#*#*#
2026-08-21 17:17:09,280|line:950| https://t.bilibili.com/1235149495317037064
2026-08-21 17:17:10,629|line:345| -352
2026-08-21 17:17:12,978|line:345| -352
2026-08-21 17:17:15,320|line:345| -352
2026-08-21 17:17:18,647|line:345| -352
2026-08-21 17:17:19,995|line:345| -352
2026-08-21 17:17:19,996|line:769| ('GET请求失败', 'https://api.bilibili.com/x/polymer/web-dynamic/v1/detail?timezone_offset=-480&id=1235149495317037064&features=itemOpusStyle')
2026-08-21 17:17:19,996|line:770| error line:751
2026-08-21 17:17:19,996|line:964| *#*#*#*#*#*#*#*#*#*原动态处理失败*#*#*#*#*#*#*#*#*#
2026-08-21 17:17:19,996|line:950| https://t.bilibili.com/1235150689365131265
2026-08-21 17:17:22,336|line:345| -352
2026-08-21 17:17:24,698|line:345| -352
2026-08-21 17:17:29,072|line:345| -352
2026-08-21 17:17:33,461|line:345| -352
2026-08-21 17:17:35,850|line:345| -352
2026-08-21 17:17:35,850|line:769| ('GET请求失败', 'https://api.bilibili.com/x/polymer/web-dynamic/v1/detail?timezone_offset=-480&id=1235150689365131265&features=itemOpusStyle')
2026-08-21 17:17:35,851|line:770| error line:751
2026-08-21 17:17:35,851|line:964| *#*#*#*#*#*#*#*#*#*原动态处理失败*#*#*#*#*#*#*#*#*#
2026-08-21 17:17:35,852|line:950| https://t.bilibili.com/1235151505349148690
2026-08-21 17:17:39,277|line:345| -352
2026-08-21 17:17:41,622|line:345| -352
2026-08-21 17:17:46,006|line:345| -352
2026-08-21 17:17:50,355|line:345| -352
2026-08-21 17:17:53,760|line:345| -352
2026-08-21 17:17:53,760|line:769| ('GET请求失败', 'https://api.bilibili.com/x/polymer/web-dynamic/v1/detail?timezone_offset=-480&id=1235151505349148690&features=itemOpusStyle')
2026-08-21 17:17:53,760|line:770| error line:751
2026-08-21 17:17:53,761|line:964| *#*#*#*#*#*#*#*#*#*原动态处理失败*#*#*#*#*#*#*#*#*#
2026-08-21 17:17:53,761|line:950| https://t.bilibili.com/1235152403058130949
2026-08-21 17:17:56,165|line:345| -352
2026-08-21 17:17:59,529|line:345| -352
2026-08-21 17:18:00,851|line:345| -352
2026-08-21 17:18:03,199|line:345| -352
2026-08-21 17:18:04,531|line:345| -352
2026-08-21 17:18:04,531|line:769| ('GET请求失败', 'https://api.bilibili.com/x/polymer/web-dynamic/v1/detail?timezone_offset=-480&id=1235152403058130949&features=itemOpusStyle')
2026-08-21 17:18:04,531|line:770| error line:751
2026-08-21 17:18:04,532|line:964| *#*#*#*#*#*#*#*#*#*原动态处理失败*#*#*#*#*#*#*#*#*#
2026-08-21 17:18:04,532|line:950| https://t.bilibili.com/1235164948632436775
2026-08-21 17:18:08,885|line:345| -352
2026-08-21 17:18:11,202|line:345| -352
2026-08-21 17:18:14,550|line:345| -352
2026-08-21 17:18:17,006|line:345| -352
2026-08-21 17:18:21,546|line:345| -352
2026-08-21 17:18:21,546|line:769| ('GET请求失败', 'https://api.bilibili.com/x/polymer/web-dynamic/v1/detail?timezone_offset=-480&id=1235164948632436775&features=itemOpusStyle')
2026-08-21 17:18:21,546|line:770| error line:751
2026-08-21 17:18:21,547|line:964| *#*#*#*#*#*#*#*#*#*原动态处理失败*#*#*#*#*#*#*#*#*#
2026-08-21 17:18:21,547|line:950| https://t.bilibili.com/1235192320463208449
2026-08-21 17:18:25,859|line:345| -352
2026-08-21 17:18:27,222|line:345| -352
2026-08-21 17:18:29,628|line:345| -352
2026-08-21 17:18:31,958|line:345| -352
2026-08-21 17:18:33,266|line:345| -352
2026-08-21 17:18:33,267|line:769| ('GET请求失败', 'https://api.bilibili.com/x/polymer/web-dynamic/v1/detail?timezone_offset=-480&id=1235192320463208449&features=itemOpusStyle')
2026-08-21 17:18:33,267|line:770| error line:751
2026-08-21 17:18:33,268|line:964| *#*#*#*#*#*#*#*#*#*原动态处理失败*#*#*#*#*#*#*#*#*#
2026-08-21 17:18:33,268|line:950| https://t.bilibili.com/1235195013407703043
2026-08-21 17:18:36,649|line:345| -352
2026-08-21 17:18:39,987|line:345| -352
2026-08-21 17:18:41,330|line:345| -352
2026-08-21 17:18:44,660|line:345| -352
2026-08-21 17:18:45,980|line:345| -352
2026-08-21 17:18:45,980|line:769| ('GET请求失败', 'https://api.bilibili.com/x/polymer/web-dynamic/v1/detail?timezone_offset=-480&id=1235195013407703043&features=itemOpusStyle')
2026-08-21 17:18:45,980|line:770| error line:751
2026-08-21 17:18:45,981|line:964| *#*#*#*#*#*#*#*#*#*原动态处理失败*#*#*#*#*#*#*#*#*#
2026-08-21 17:18:45,981|line:950| https://t.bilibili.com/1235296881433640969
2026-08-21 17:18:49,398|line:345| -352
2026-08-21 17:18:50,759|line:345| -352
2026-08-21 17:18:52,128|line:345| -352
2026-08-21 17:18:54,471|line:345| -352
2026-08-21 17:18:57,817|line:345| -352
2026-08-21 17:18:57,817|line:769| ('GET请求失败', 'https://api.bilibili.com/x/polymer/web-dynamic/v1/detail?timezone_offset=-480&id=1235296881433640969&features=itemOpusStyle')
2026-08-21 17:18:57,817|line:770| error line:751
2026-08-21 17:18:57,817|line:964| *#*#*#*#*#*#*#*#*#*原动态处理失败*#*#*#*#*#*#*#*#*#
2026-08-21 17:18:57,818|line:950| https://t.bilibili.com/1235484026046775301
2026-08-21 17:19:02,124|line:345| -352
2026-08-21 17:19:05,642|line:345| -352
2026-08-21 17:19:06,957|line:345| -352
2026-08-21 17:19:11,327|line:345| -352
2026-08-21 17:19:12,638|line:345| -352
2026-08-21 17:19:12,638|line:769| ('GET请求失败', 'https://api.bilibili.com/x/polymer/web-dynamic/v1/detail?timezone_offset=-480&id=1235484026046775301&features=itemOpusStyle')
2026-08-21 17:19:12,638|line:770| error line:751
2026-08-21 17:19:12,639|line:964| *#*#*#*#*#*#*#*#*#*原动态处理失败*#*#*#*#*#*#*#*#*#
2026-08-21 17:19:12,639|line:950| https://t.bilibili.com/1235489867207540745
2026-08-21 17:19:14,993|line:345| -352
2026-08-21 17:19:18,309|line:345| -352
2026-08-21 17:19:20,642|line:345| -352
2026-08-21 17:19:22,993|line:345| -352
2026-08-21 17:19:24,314|line:345| -352
2026-08-21 17:19:24,315|line:769| ('GET请求失败', 'https://api.bilibili.com/x/polymer/web-dynamic/v1/detail?timezone_offset=-480&id=1235489867207540745&features=itemOpusStyle')
2026-08-21 17:19:24,315|line:770| error line:751
2026-08-21 17:19:24,315|line:964| *#*#*#*#*#*#*#*#*#*原动态处理失败*#*#*#*#*#*#*#*#*#
2026-08-21 17:19:24,316|line:950| https://t.bilibili.com/1235602451169542153
2026-08-21 17:19:27,660|line:345| -352
2026-08-21 17:19:32,131|line:345| -352
2026-08-21 17:19:33,489|line:345| -352
2026-08-21 17:19:37,813|line:345| -352
2026-08-21 17:19:42,166|line:345| -352
2026-08-21 17:19:42,166|line:769| ('GET请求失败', 'https://api.bilibili.com/x/polymer/web-dynamic/v1/detail?timezone_offset=-480&id=1235602451169542153&features=itemOpusStyle')
2026-08-21 17:19:42,166|line:770| error line:751
2026-08-21 17:19:42,167|line:964| *#*#*#*#*#*#*#*#*#*原动态处理失败*#*#*#*#*#*#*#*#*#
2026-08-21 17:19:42,167|line:950| https://t.bilibili.com/1235629264655613989
2026-08-21 17:19:45,514|line:345| -352
2026-08-21 17:19:48,826|line:345| -352
2026-08-21 17:19:51,173|line:345| -352
2026-08-21 17:19:55,490|line:345| -352
2026-08-21 17:19:58,805|line:345| -352
2026-08-21 17:19:58,805|line:769| ('GET请求失败', 'https://api.bilibili.com/x/polymer/web-dynamic/v1/detail?timezone_offset=-480&id=1235629264655613989&features=itemOpusStyle')
2026-08-21 17:19:58,805|line:770| error line:751
2026-08-21 17:19:58,806|line:964| *#*#*#*#*#*#*#*#*#*原动态处理失败*#*#*#*#*#*#*#*#*#
2026-08-21 17:19:58,806|line:950| https://t.bilibili.com/1235961463220207618
2026-08-21 17:20:01,121|line:345| -352
2026-08-21 17:20:03,448|line:345| -352
2026-08-21 17:20:05,820|line:345| -352
2026-08-21 17:20:09,146|line:345| -352
2026-08-21 17:20:13,468|line:345| -352
2026-08-21 17:20:13,468|line:769| ('GET请求失败', 'https://api.bilibili.com/x/polymer/web-dynamic/v1/detail?timezone_offset=-480&id=1235961463220207618&features=itemOpusStyle')
2026-08-21 17:20:13,468|line:770| error line:751
2026-08-21 17:20:13,469|line:964| *#*#*#*#*#*#*#*#*#*原动态处理失败*#*#*#*#*#*#*#*#*#
2026-08-21 17:20:13,469|line:983| 执行结束
2026-08-21 17:20:13,469|line:988| 执行失败，错误数量为56
2026-08-21 17:20:13,469|line:990| ==================================================2026-08-22 01:20==================================================
2026-08-21 17:20:13,469|line:453| processing article 52523351
2026-08-21 17:20:13,858|line:417| 获取 Article 结构化正文失败 52523351: -509 请求过于频繁，请稍后再试
2026-08-21 17:20:14,979|line:417| 获取 Article 结构化正文失败 52523351: -509 请求过于频繁，请稍后再试
2026-08-21 17:20:17,131|line:938| ==================================================2026-08-22 01:20==================================================
2026-08-21 17:20:17,132|line:950| https://t.bilibili.com/1224854467309993993
2026-08-21 17:20:17,132|line:952| 已有
2026-08-21 17:20:17,132|line:950| https://t.bilibili.com/1225602319919349764
2026-08-21 17:20:17,132|line:952| 已有
2026-08-21 17:20:17,132|line:950| https://t.bilibili.com/1232309469667393556
2026-08-21 17:20:17,132|line:952| 已有
2026-08-21 17:20:17,132|line:950| https://t.bilibili.com/1234410090970218515
2026-08-21 17:20:17,132|line:952| 已有
2026-08-21 17:20:17,132|line:950| https://t.bilibili.com/1238564621375242245
2026-08-21 17:20:17,132|line:952| 已有
2026-08-21 17:20:17,132|line:950| https://t.bilibili.com/1238568100335452167
2026-08-21 17:20:17,132|line:952| 已有
2026-08-21 17:20:17,132|line:950| https://t.bilibili.com/1238331877095374850
2026-08-21 17:20:17,132|line:952| 已有
2026-08-21 17:20:17,132|line:950| https://t.bilibili.com/1238481309776478280
2026-08-21 17:20:17,132|line:952| 已有
2026-08-21 17:20:17,132|line:950| https://t.bilibili.com/1238465871499755541
2026-08-21 17:20:17,132|line:952| 已有
2026-08-21 17:20:17,132|line:950| https://t.bilibili.com/1238182596957962263
2026-08-21 17:20:17,132|line:952| 已有
2026-08-21 17:20:17,132|line:950| https://t.bilibili.com/1238127226258456581
2026-08-21 17:20:17,132|line:952| 已有
2026-08-21 17:20:17,132|line:950| https://t.bilibili.com/1238554884684382231
2026-08-21 17:20:17,133|line:952| 已有
2026-08-21 17:20:17,133|line:950| https://t.bilibili.com/1238528625309908994
2026-08-21 17:20:17,133|line:952| 已有
2026-08-21 17:20:17,133|line:950| https://t.bilibili.com/1238546969059655689
2026-08-21 17:20:17,133|line:952| 已有
2026-08-21 17:20:17,133|line:950| https://t.bilibili.com/1238566350107967492
2026-08-21 17:20:17,133|line:952| 已有
2026-08-21 17:20:17,133|line:950| https://t.bilibili.com/1238574085347213314
2026-08-21 17:20:17,133|line:952| 已有
2026-08-21 17:20:17,133|line:950| https://t.bilibili.com/1238554846073716761
2026-08-21 17:20:17,133|line:952| 已有
2026-08-21 17:20:17,133|line:950| https://t.bilibili.com/1238559905546240020
2026-08-21 17:20:17,133|line:952| 已有
2026-08-21 17:20:17,133|line:950| https://t.bilibili.com/1238556065853866002
2026-08-21 17:20:21,477|line:345| -352
2026-08-21 17:20:23,800|line:345| -352
2026-08-21 17:20:28,184|line:345| -352
2026-08-21 17:20:32,649|line:345| -352
2026-08-21 17:20:36,003|line:345| -352
2026-08-21 17:20:36,003|line:769| ('GET请求失败', 'https://api.bilibili.com/x/polymer/web-dynamic/v1/detail?timezone_offset=-480&id=1238556065853866002&features=itemOpusStyle')
2026-08-21 17:20:36,003|line:770| error line:751
2026-08-21 17:20:36,004|line:964| *#*#*#*#*#*#*#*#*#*原动态处理失败*#*#*#*#*#*#*#*#*#
2026-08-21 17:20:36,004|line:950| https://t.bilibili.com/1238521727566217280
2026-08-21 17:20:39,333|line:345| -352
2026-08-21 17:20:43,766|line:345| -352
2026-08-21 17:20:47,110|line:345| -352
2026-08-21 17:20:48,447|line:345| -352
2026-08-21 17:20:49,796|line:345| -352
2026-08-21 17:20:49,797|line:769| ('GET请求失败', 'https://api.bilibili.com/x/polymer/web-dynamic/v1/detail?timezone_offset=-480&id=1238521727566217280&features=itemOpusStyle')
2026-08-21 17:20:49,797|line:770| error line:751
2026-08-21 17:20:49,797|line:964| *#*#*#*#*#*#*#*#*#*原动态处理失败*#*#*#*#*#*#*#*#*#
2026-08-21 17:20:49,798|line:950| https://t.bilibili.com/1238552702851481621
2026-08-21 17:20:51,137|line:345| -352
2026-08-21 17:20:53,480|line:345| -352
2026-08-21 17:20:54,864|line:345| -352
2026-08-21 17:20:56,212|line:345| -352
2026-08-21 17:21:00,563|line:345| -352
2026-08-21 17:21:00,563|line:769| ('GET请求失败', 'https://api.bilibili.com/x/polymer/web-dynamic/v1/detail?timezone_offset=-480&id=1238552702851481621&features=itemOpusStyle')
2026-08-21 17:21:00,563|line:770| error line:751
2026-08-21 17:21:00,564|line:964| *#*#*#*#*#*#*#*#*#*原动态处理失败*#*#*#*#*#*#*#*#*#
2026-08-21 17:21:00,564|line:950| https://t.bilibili.com/1238539010496790536
2026-08-21 17:21:01,964|line:345| -352
2026-08-21 17:21:04,289|line:345| -352
2026-08-21 17:21:06,644|line:345| -352
2026-08-21 17:21:09,998|line:345| -352
2026-08-21 17:21:11,357|line:345| -352
2026-08-21 17:21:11,357|line:769| ('GET请求失败', 'https://api.bilibili.com/x/polymer/web-dynamic/v1/detail?timezone_offset=-480&id=1238539010496790536&features=itemOpusStyle')
2026-08-21 17:21:11,357|line:770| error line:751
2026-08-21 17:21:11,358|line:964| *#*#*#*#*#*#*#*#*#*原动态处理失败*#*#*#*#*#*#*#*#*#
2026-08-21 17:21:11,358|line:950| https://t.bilibili.com/1238514292999847940
2026-08-21 17:21:15,742|line:345| -352
2026-08-21 17:21:19,165|line:345| -352
2026-08-21 17:21:23,533|line:345| -352
2026-08-21 17:21:26,040|line:345| -352
2026-08-21 17:21:30,567|line:345| -352
2026-08-21 17:21:30,567|line:769| ('GET请求失败', 'https://api.bilibili.com/x/polymer/web-dynamic/v1/detail?timezone_offset=-480&id=1238514292999847940&features=itemOpusStyle')
2026-08-21 17:21:30,567|line:770| error line:751
2026-08-21 17:21:30,568|line:964| *#*#*#*#*#*#*#*#*#*原动态处理失败*#*#*#*#*#*#*#*#*#
2026-08-21 17:21:30,568|line:950| https://t.bilibili.com/1238485903226175496
2026-08-21 17:21:35,109|line:345| -352
2026-08-21 17:21:39,492|line:345| -352
2026-08-21 17:21:43,850|line:345| -352
2026-08-21 17:21:45,234|line:345| -352
2026-08-21 17:21:49,644|line:345| -352
2026-08-21 17:21:49,644|line:769| ('GET请求失败', 'https://api.bilibili.com/x/polymer/web-dynamic/v1/detail?timezone_offset=-480&id=1238485903226175496&features=itemOpusStyle')
2026-08-21 17:21:49,644|line:770| error line:751
2026-08-21 17:21:49,645|line:964| *#*#*#*#*#*#*#*#*#*原动态处理失败*#*#*#*#*#*#*#*#*#
2026-08-21 17:21:49,645|line:950| https://t.bilibili.com/1238465862927646816
2026-08-21 17:21:51,988|line:345| -352
2026-08-21 17:21:54,328|line:345| -352
2026-08-21 17:21:55,653|line:345| -352
2026-08-21 17:21:57,985|line:345| -352
2026-08-21 17:22:01,380|line:345| -352
2026-08-21 17:22:01,380|line:769| ('GET请求失败', 'https://api.bilibili.com/x/polymer/web-dynamic/v1/detail?timezone_offset=-480&id=1238465862927646816&features=itemOpusStyle')
2026-08-21 17:22:01,380|line:770| error line:751
2026-08-21 17:22:01,381|line:964| *#*#*#*#*#*#*#*#*#*原动态处理失败*#*#*#*#*#*#*#*#*#
2026-08-21 17:22:01,381|line:950| https://t.bilibili.com/1238496937030713369
2026-08-21 17:22:02,716|line:345| -352
2026-08-21 17:22:06,102|line:345| -352
2026-08-21 17:22:09,495|line:345| -352
2026-08-21 17:22:13,868|line:345| -352
2026-08-21 17:22:15,206|line:345| -352
2026-08-21 17:22:15,207|line:769| ('GET请求失败', 'https://api.bilibili.com/x/polymer/web-dynamic/v1/detail?timezone_offset=-480&id=1238496937030713369&features=itemOpusStyle')
2026-08-21 17:22:15,207|line:770| error line:751
2026-08-21 17:22:15,208|line:964| *#*#*#*#*#*#*#*#*#*原动态处理失败*#*#*#*#*#*#*#*#*#
2026-08-21 17:22:15,208|line:950| https://t.bilibili.com/1238475616778452998
2026-08-21 17:22:16,547|line:345| -352
2026-08-21 17:22:17,876|line:345| -352
2026-08-21 17:22:19,206|line:345| -352
2026-08-21 17:22:22,520|line:345| -352
2026-08-21 17:22:25,824|line:345| -352
2026-08-21 17:22:25,824|line:769| ('GET请求失败', 'https://api.bilibili.com/x/polymer/web-dynamic/v1/detail?timezone_offset=-480&id=1238475616778452998&features=itemOpusStyle')
2026-08-21 17:22:25,824|line:770| error line:751
2026-08-21 17:22:25,825|line:964| *#*#*#*#*#*#*#*#*#*原动态处理失败*#*#*#*#*#*#*#*#*#
2026-08-21 17:22:25,825|line:950| https://t.bilibili.com/1238461576562868241
2026-08-21 17:22:27,152|line:345| -352
2026-08-21 17:22:31,498|line:345| -352
2026-08-21 17:22:34,821|line:345| -352
2026-08-21 17:22:36,204|line:345| -352
2026-08-21 17:22:38,543|line:345| -352
2026-08-21 17:22:38,543|line:769| ('GET请求失败', 'https://api.bilibili.com/x/polymer/web-dynamic/v1/detail?timezone_offset=-480&id=1238461576562868241&features=itemOpusStyle')
2026-08-21 17:22:38,544|line:770| error line:751
2026-08-21 17:22:38,544|line:964| *#*#*#*#*#*#*#*#*#*原动态处理失败*#*#*#*#*#*#*#*#*#
2026-08-21 17:22:38,545|line:950| https://t.bilibili.com/1238092041883222017
2026-08-21 17:22:39,905|line:345| -352
2026-08-21 17:22:41,236|line:345| -352
2026-08-21 17:22:42,579|line:345| -352
2026-08-21 17:22:43,928|line:345| -352
2026-08-21 17:22:46,341|line:345| -352
2026-08-21 17:22:46,341|line:769| ('GET请求失败', 'https://api.bilibili.com/x/polymer/web-dynamic/v1/detail?timezone_offset=-480&id=1238092041883222017&features=itemOpusStyle')
2026-08-21 17:22:46,341|line:770| error line:751
2026-08-21 17:22:46,342|line:964| *#*#*#*#*#*#*#*#*#*原动态处理失败*#*#*#*#*#*#*#*#*#
2026-08-21 17:22:46,342|line:950| https://t.bilibili.com/1238465847872192515
2026-08-21 17:22:47,664|line:345| -352
2026-08-21 17:22:48,992|line:345| -352
2026-08-21 17:22:52,383|line:345| -352
2026-08-21 17:22:53,715|line:345| -352
2026-08-21 17:22:57,048|line:345| -352
2026-08-21 17:22:57,048|line:769| ('GET请求失败', 'https://api.bilibili.com/x/polymer/web-dynamic/v1/detail?timezone_offset=-480&id=1238465847872192515&features=itemOpusStyle')
2026-08-21 17:22:57,048|line:770| error line:751
2026-08-21 17:22:57,049|line:964| *#*#*#*#*#*#*#*#*#*原动态处理失败*#*#*#*#*#*#*#*#*#
2026-08-21 17:22:57,049|line:950| https://t.bilibili.com/1238466060522356752
2026-08-21 17:22:59,401|line:345| -352
2026-08-21 17:23:01,757|line:345| -352
2026-08-21 17:23:05,077|line:345| -352
2026-08-21 17:23:07,404|line:345| -352
2026-08-21 17:23:10,772|line:345| -352
2026-08-21 17:23:10,773|line:769| ('GET请求失败', 'https://api.bilibili.com/x/polymer/web-dynamic/v1/detail?timezone_offset=-480&id=1238466060522356752&features=itemOpusStyle')
2026-08-21 17:23:10,773|line:770| error line:751
2026-08-21 17:23:10,774|line:964| *#*#*#*#*#*#*#*#*#*原动态处理失败*#*#*#*#*#*#*#*#*#
2026-08-21 17:23:10,774|line:950| https://t.bilibili.com/1238450386017189961
2026-08-21 17:23:10,774|line:952| 已有
2026-08-21 17:23:10,774|line:950| https://t.bilibili.com/1238102727744028681
2026-08-21 17:23:13,126|line:345| -352
2026-08-21 17:23:14,446|line:345| -352
2026-08-21 17:23:18,810|line:345| -352
2026-08-21 17:23:23,120|line:345| -352
2026-08-21 17:23:25,530|line:345| -352
2026-08-21 17:23:25,530|line:769| ('GET请求失败', 'https://api.bilibili.com/x/polymer/web-dynamic/v1/detail?timezone_offset=-480&id=1238102727744028681&features=itemOpusStyle')
2026-08-21 17:23:25,530|line:770| error line:751
2026-08-21 17:23:25,531|line:964| *#*#*#*#*#*#*#*#*#*原动态处理失败*#*#*#*#*#*#*#*#*#
2026-08-21 17:23:25,531|line:950| https://t.bilibili.com/1238063838952161301
2026-08-21 17:23:29,858|line:345| -352
2026-08-21 17:23:31,213|line:345| -352
2026-08-21 17:23:34,516|line:345| -352
2026-08-21 17:23:38,943|line:345| -352
2026-08-21 17:23:40,267|line:345| -352
2026-08-21 17:23:40,267|line:769| ('GET请求失败', 'https://api.bilibili.com/x/polymer/web-dynamic/v1/detail?timezone_offset=-480&id=1238063838952161301&features=itemOpusStyle')
2026-08-21 17:23:40,267|line:770| error line:751
2026-08-21 17:23:40,268|line:964| *#*#*#*#*#*#*#*#*#*原动态处理失败*#*#*#*#*#*#*#*#*#
2026-08-21 17:23:40,268|line:950| https://t.bilibili.com/1238280784204267524
2026-08-21 17:23:41,612|line:345| -352
2026-08-21 17:23:45,966|line:345| -352
2026-08-21 17:23:49,311|line:345| -352
2026-08-21 17:23:52,646|line:345| -352
2026-08-21 17:23:55,977|line:345| -352
2026-08-21 17:23:55,977|line:769| ('GET请求失败', 'https://api.bilibili.com/x/polymer/web-dynamic/v1/detail?timezone_offset=-480&id=1238280784204267524&features=itemOpusStyle')
2026-08-21 17:23:55,977|line:770| error line:751
2026-08-21 17:23:55,978|line:964| *#*#*#*#*#*#*#*#*#*原动态处理失败*#*#*#*#*#*#*#*#*#
2026-08-21 17:23:55,978|line:950| https://t.bilibili.com/1238307975639072792
2026-08-21 17:23:59,327|line:345| -352
2026-08-21 17:24:02,714|line:345| -352
2026-08-21 17:24:06,026|line:345| -352
2026-08-21 17:24:09,349|line:345| -352
2026-08-21 17:24:12,664|line:345| -352
2026-08-21 17:24:12,664|line:769| ('GET请求失败', 'https://api.bilibili.com/x/polymer/web-dynamic/v1/detail?timezone_offset=-480&id=1238307975639072792&features=itemOpusStyle')
2026-08-21 17:24:12,664|line:770| error line:751
2026-08-21 17:24:12,665|line:964| *#*#*#*#*#*#*#*#*#*原动态处理失败*#*#*#*#*#*#*#*#*#
2026-08-21 17:24:12,666|line:950| https://t.bilibili.com/1238094762739761161
2026-08-21 17:24:16,056|line:345| -352
2026-08-21 17:24:19,416|line:345| -352
2026-08-21 17:24:20,758|line:345| -352
2026-08-21 17:24:23,160|line:345| -352
2026-08-21 17:24:26,536|line:345| -352
2026-08-21 17:24:26,536|line:769| ('GET请求失败', 'https://api.bilibili.com/x/polymer/web-dynamic/v1/detail?timezone_offset=-480&id=1238094762739761161&features=itemOpusStyle')
2026-08-21 17:24:26,536|line:770| error line:751
2026-08-21 17:24:26,537|line:964| *#*#*#*#*#*#*#*#*#*原动态处理失败*#*#*#*#*#*#*#*#*#
2026-08-21 17:24:26,537|line:950| https://t.bilibili.com/1238282678287990786
2026-08-21 17:24:27,873|line:345| -352
2026-08-21 17:24:29,210|line:345| -352
2026-08-21 17:24:33,558|line:345| -352
2026-08-21 17:24:36,921|line:345| -352
2026-08-21 17:24:41,287|line:345| -352
2026-08-21 17:24:41,287|line:769| ('GET请求失败', 'https://api.bilibili.com/x/polymer/web-dynamic/v1/detail?timezone_offset=-480&id=1238282678287990786&features=itemOpusStyle')
2026-08-21 17:24:41,287|line:770| error line:751
2026-08-21 17:24:41,288|line:964| *#*#*#*#*#*#*#*#*#*原动态处理失败*#*#*#*#*#*#*#*#*#
2026-08-21 17:24:41,288|line:950| https://t.bilibili.com/1236270260621934601
2026-08-21 17:24:43,598|line:345| -352
2026-08-21 17:24:46,962|line:345| -352
2026-08-21 17:24:49,292|line:345| -352
2026-08-21 17:24:50,622|line:345| -352
2026-08-21 17:24:54,968|line:345| -352
2026-08-21 17:24:54,968|line:769| ('GET请求失败', 'https://api.bilibili.com/x/polymer/web-dynamic/v1/detail?timezone_offset=-480&id=1236270260621934601&features=itemOpusStyle')
2026-08-21 17:24:54,969|line:770| error line:751
2026-08-21 17:24:54,970|line:964| *#*#*#*#*#*#*#*#*#*原动态处理失败*#*#*#*#*#*#*#*#*#
2026-08-21 17:24:54,970|line:950| https://t.bilibili.com/1238236666257211427
2026-08-21 17:24:58,354|line:345| -352
2026-08-21 17:24:59,709|line:345| -352
2026-08-21 17:25:04,091|line:345| -352
2026-08-21 17:25:06,469|line:345| -352
2026-08-21 17:25:10,819|line:345| -352
2026-08-21 17:25:10,819|line:769| ('GET请求失败', 'https://api.bilibili.com/x/polymer/web-dynamic/v1/detail?timezone_offset=-480&id=1238236666257211427&features=itemOpusStyle')
2026-08-21 17:25:10,819|line:770| error line:751
2026-08-21 17:25:10,820|line:964| *#*#*#*#*#*#*#*#*#*原动态处理失败*#*#*#*#*#*#*#*#*#
2026-08-21 17:25:10,820|line:950| https://t.bilibili.com/1238249381570805794
2026-08-21 17:25:15,222|line:345| -352
2026-08-21 17:25:18,680|line:345| -352
2026-08-21 17:25:20,044|line:345| -352
2026-08-21 17:25:24,398|line:345| -352
2026-08-21 17:25:25,819|line:345| -352
2026-08-21 17:25:25,819|line:769| ('GET请求失败', 'https://api.bilibili.com/x/polymer/web-dynamic/v1/detail?timezone_offset=-480&id=1238249381570805794&features=itemOpusStyle')
2026-08-21 17:25:25,819|line:770| error line:751
2026-08-21 17:25:25,820|line:964| *#*#*#*#*#*#*#*#*#*原动态处理失败*#*#*#*#*#*#*#*#*#
2026-08-21 17:25:25,820|line:950| https://t.bilibili.com/1238249568381960224
2026-08-21 17:25:28,207|line:345| -352
2026-08-21 17:25:32,623|line:345| -352
2026-08-21 17:25:36,067|line:345| -352
2026-08-21 17:25:38,447|line:345| -352
2026-08-21 17:25:39,812|line:345| -352
2026-08-21 17:25:39,812|line:769| ('GET请求失败', 'https://api.bilibili.com/x/polymer/web-dynamic/v1/detail?timezone_offset=-480&id=1238249568381960224&features=itemOpusStyle')
2026-08-21 17:25:39,812|line:770| error line:751
2026-08-21 17:25:39,813|line:964| *#*#*#*#*#*#*#*#*#*原动态处理失败*#*#*#*#*#*#*#*#*#
2026-08-21 17:25:39,813|line:950| https://t.bilibili.com/1238597795754016774
2026-08-21 17:25:42,132|line:345| -352
2026-08-21 17:25:44,486|line:345| -352
2026-08-21 17:25:47,814|line:345| -352
2026-08-21 17:25:50,142|line:345| -352
2026-08-21 17:25:54,491|line:345| -352
2026-08-21 17:25:54,491|line:769| ('GET请求失败', 'https://api.bilibili.com/x/polymer/web-dynamic/v1/detail?timezone_offset=-480&id=1238597795754016774&features=itemOpusStyle')
2026-08-21 17:25:54,492|line:770| error line:751
2026-08-21 17:25:54,492|line:964| *#*#*#*#*#*#*#*#*#*原动态处理失败*#*#*#*#*#*#*#*#*#
2026-08-21 17:25:54,492|line:950| https://t.bilibili.com/1238592229451235329
2026-08-21 17:25:57,844|line:345| -352
2026-08-21 17:26:02,193|line:345| -352
2026-08-21 17:26:04,512|line:345| -352
2026-08-21 17:26:07,843|line:345| -352
2026-08-21 17:26:12,230|line:345| -352
2026-08-21 17:26:12,231|line:769| ('GET请求失败', 'https://api.bilibili.com/x/polymer/web-dynamic/v1/detail?timezone_offset=-480&id=1238592229451235329&features=itemOpusStyle')
2026-08-21 17:26:12,231|line:770| error line:751
2026-08-21 17:26:12,232|line:964| *#*#*#*#*#*#*#*#*#*原动态处理失败*#*#*#*#*#*#*#*#*#
2026-08-21 17:26:12,232|line:950| https://t.bilibili.com/1238267487003344932
2026-08-21 17:26:16,614|line:345| -352
2026-08-21 17:26:20,956|line:345| -352
2026-08-21 17:26:25,321|line:345| -352
2026-08-21 17:26:28,751|line:345| -352
2026-08-21 17:26:33,068|line:345| -352
2026-08-21 17:26:33,069|line:769| ('GET请求失败', 'https://api.bilibili.com/x/polymer/web-dynamic/v1/detail?timezone_offset=-480&id=1238267487003344932&features=itemOpusStyle')
2026-08-21 17:26:33,069|line:770| error line:751
2026-08-21 17:26:33,070|line:964| *#*#*#*#*#*#*#*#*#*原动态处理失败*#*#*#*#*#*#*#*#*#
2026-08-21 17:26:33,070|line:950| https://t.bilibili.com/1238600454294732888
2026-08-21 17:26:34,412|line:345| -352
2026-08-21 17:26:38,840|line:345| -352
2026-08-21 17:26:41,190|line:345| -352
2026-08-21 17:26:44,530|line:345| -352
2026-08-21 17:26:46,855|line:345| -352
2026-08-21 17:26:46,855|line:769| ('GET请求失败', 'https://api.bilibili.com/x/polymer/web-dynamic/v1/detail?timezone_offset=-480&id=1238600454294732888&features=itemOpusStyle')
2026-08-21 17:26:46,855|line:770| error line:751
2026-08-21 17:26:46,856|line:964| *#*#*#*#*#*#*#*#*#*原动态处理失败*#*#*#*#*#*#*#*#*#
2026-08-21 17:26:46,856|line:950| https://t.bilibili.com/1238496771674472466
2026-08-21 17:26:51,178|line:345| -352
2026-08-21 17:26:52,491|line:345| -352
2026-08-21 17:26:56,841|line:345| -352
2026-08-21 17:27:01,192|line:345| -352
2026-08-21 17:27:05,647|line:345| -352
2026-08-21 17:27:05,648|line:769| ('GET请求失败', 'https://api.bilibili.com/x/polymer/web-dynamic/v1/detail?timezone_offset=-480&id=1238496771674472466&features=itemOpusStyle')
2026-08-21 17:27:05,648|line:770| error line:751
2026-08-21 17:27:05,648|line:964| *#*#*#*#*#*#*#*#*#*原动态处理失败*#*#*#*#*#*#*#*#*#
2026-08-21 17:27:05,649|line:950| https://t.bilibili.com/1238581852828073993
2026-08-21 17:27:10,072|line:345| -352
2026-08-21 17:27:12,465|line:345| -352
2026-08-21 17:27:13,823|line:345| -352
2026-08-21 17:27:18,224|line:345| -352
2026-08-21 17:27:22,563|line:345| -352
2026-08-21 17:27:22,563|line:769| ('GET请求失败', 'https://api.bilibili.com/x/polymer/web-dynamic/v1/detail?timezone_offset=-480&id=1238581852828073993&features=itemOpusStyle')
2026-08-21 17:27:22,564|line:770| error line:751
2026-08-21 17:27:22,564|line:964| *#*#*#*#*#*#*#*#*#*原动态处理失败*#*#*#*#*#*#*#*#*#
2026-08-21 17:27:22,565|line:950| https://t.bilibili.com/1238610521685491735
2026-08-21 17:27:23,901|line:345| -352
2026-08-21 17:27:27,227|line:345| -352
2026-08-21 17:27:30,547|line:345| -352
2026-08-21 17:27:32,862|line:345| -352
2026-08-21 17:27:36,178|line:345| -352
2026-08-21 17:27:36,179|line:769| ('GET请求失败', 'https://api.bilibili.com/x/polymer/web-dynamic/v1/detail?timezone_offset=-480&id=1238610521685491735&features=itemOpusStyle')
2026-08-21 17:27:36,179|line:770| error line:751
2026-08-21 17:27:36,179|line:964| *#*#*#*#*#*#*#*#*#*原动态处理失败*#*#*#*#*#*#*#*#*#
2026-08-21 17:27:36,180|line:950| https://t.bilibili.com/1238582333825613844
2026-08-21 17:27:39,595|line:345| -352
2026-08-21 17:27:41,942|line:345| -352
2026-08-21 17:27:45,282|line:345| -352
2026-08-21 17:27:48,600|line:345| -352
2026-08-21 17:27:52,954|line:345| -352
2026-08-21 17:27:52,954|line:769| ('GET请求失败', 'https://api.bilibili.com/x/polymer/web-dynamic/v1/detail?timezone_offset=-480&id=1238582333825613844&features=itemOpusStyle')
2026-08-21 17:27:52,954|line:770| error line:751
2026-08-21 17:27:52,955|line:964| *#*#*#*#*#*#*#*#*#*原动态处理失败*#*#*#*#*#*#*#*#*#
2026-08-21 17:27:52,955|line:950| https://t.bilibili.com/1238583523551477760
2026-08-21 17:27:56,304|line:345| -352
2026-08-21 17:28:00,610|line:345| -352
2026-08-21 17:28:03,930|line:345| -352
2026-08-21 17:28:06,275|line:345| -352
2026-08-21 17:28:09,619|line:345| -352
2026-08-21 17:28:09,619|line:769| ('GET请求失败', 'https://api.bilibili.com/x/polymer/web-dynamic/v1/detail?timezone_offset=-480&id=1238583523551477760&features=itemOpusStyle')
2026-08-21 17:28:09,619|line:770| error line:751
2026-08-21 17:28:09,620|line:964| *#*#*#*#*#*#*#*#*#*原动态处理失败*#*#*#*#*#*#*#*#*#
2026-08-21 17:28:09,620|line:950| https://t.bilibili.com/1238600188019343393
2026-08-21 17:28:11,938|line:345| -352
2026-08-21 17:28:13,295|line:345| -352
2026-08-21 17:28:16,740|line:345| -352
2026-08-21 17:28:18,068|line:345| -352
2026-08-21 17:28:20,375|line:345| -352
2026-08-21 17:28:20,376|line:769| ('GET请求失败', 'https://api.bilibili.com/x/polymer/web-dynamic/v1/detail?timezone_offset=-480&id=1238600188019343393&features=itemOpusStyle')
2026-08-21 17:28:20,376|line:770| error line:751
2026-08-21 17:28:20,377|line:964| *#*#*#*#*#*#*#*#*#*原动态处理失败*#*#*#*#*#*#*#*#*#
2026-08-21 17:28:20,377|line:950| https://t.bilibili.com/1238607581805543428
2026-08-21 17:28:21,710|line:345| -352
2026-08-21 17:28:25,054|line:345| -352
2026-08-21 17:28:26,434|line:345| -352
2026-08-21 17:28:29,785|line:345| -352
2026-08-21 17:28:31,132|line:345| -352
2026-08-21 17:28:31,133|line:769| ('GET请求失败', 'https://api.bilibili.com/x/polymer/web-dynamic/v1/detail?timezone_offset=-480&id=1238607581805543428&features=itemOpusStyle')
2026-08-21 17:28:31,133|line:770| error line:751
2026-08-21 17:28:31,133|line:964| *#*#*#*#*#*#*#*#*#*原动态处理失败*#*#*#*#*#*#*#*#*#
2026-08-21 17:28:31,134|line:950| https://t.bilibili.com/1238621040106536981
2026-08-21 17:28:31,134|line:952| 已有
2026-08-21 17:28:31,134|line:950| https://t.bilibili.com/1238589542967017472
2026-08-21 17:28:31,134|line:952| 已有
2026-08-21 17:28:31,134|line:950| https://t.bilibili.com/1238628197648564229
2026-08-21 17:28:31,134|line:952| 已有
2026-08-21 17:28:31,134|line:950| https://t.bilibili.com/1238177975539597328
2026-08-21 17:28:32,480|line:345| -352
2026-08-21 17:28:33,807|line:345| -352
2026-08-21 17:28:36,114|line:345| -352
2026-08-21 17:28:40,438|line:345| -352
2026-08-21 17:28:41,812|line:345| -352
2026-08-21 17:28:41,812|line:769| ('GET请求失败', 'https://api.bilibili.com/x/polymer/web-dynamic/v1/detail?timezone_offset=-480&id=1238177975539597328&features=itemOpusStyle')
2026-08-21 17:28:41,812|line:770| error line:751
2026-08-21 17:28:41,813|line:964| *#*#*#*#*#*#*#*#*#*原动态处理失败*#*#*#*#*#*#*#*#*#
2026-08-21 17:28:41,814|line:950| https://t.bilibili.com/1238532748452298770
2026-08-21 17:28:41,814|line:952| 已有
2026-08-21 17:28:41,814|line:950| https://t.bilibili.com/1238559969925660673
2026-08-21 17:28:41,814|line:952| 已有
2026-08-21 17:28:41,814|line:950| https://t.bilibili.com/1238561623544692758
2026-08-21 17:28:46,205|line:345| -352
2026-08-21 17:28:49,568|line:345| -352
2026-08-21 17:28:53,918|line:345| -352
2026-08-21 17:28:56,278|line:345| -352
2026-08-21 17:28:59,639|line:345| -352
2026-08-21 17:28:59,639|line:769| ('GET请求失败', 'https://api.bilibili.com/x/polymer/web-dynamic/v1/detail?timezone_offset=-480&id=1238561623544692758&features=itemOpusStyle')
2026-08-21 17:28:59,639|line:770| error line:751
2026-08-21 17:28:59,640|line:964| *#*#*#*#*#*#*#*#*#*原动态处理失败*#*#*#*#*#*#*#*#*#
2026-08-21 17:28:59,640|line:950| https://t.bilibili.com/1238543692038406145
2026-08-21 17:29:02,998|line:345| -352
2026-08-21 17:29:05,370|line:345| -352
2026-08-21 17:29:09,724|line:345| -352
2026-08-21 17:29:11,083|line:345| -352
2026-08-21 17:29:15,396|line:345| -352
2026-08-21 17:29:15,397|line:769| ('GET请求失败', 'https://api.bilibili.com/x/polymer/web-dynamic/v1/detail?timezone_offset=-480&id=1238543692038406145&features=itemOpusStyle')
2026-08-21 17:29:15,397|line:770| error line:751
2026-08-21 17:29:15,398|line:964| *#*#*#*#*#*#*#*#*#*原动态处理失败*#*#*#*#*#*#*#*#*#
2026-08-21 17:29:15,398|line:950| https://t.bilibili.com/1238529707640619010
2026-08-21 17:29:17,725|line:345| -352
2026-08-21 17:29:20,188|line:345| -352
2026-08-21 17:29:24,562|line:345| -352
2026-08-21 17:29:28,951|line:345| -352
2026-08-21 17:29:33,287|line:345| -352
2026-08-21 17:29:33,287|line:769| ('GET请求失败', 'https://api.bilibili.com/x/polymer/web-dynamic/v1/detail?timezone_offset=-480&id=1238529707640619010&features=itemOpusStyle')
2026-08-21 17:29:33,287|line:770| error line:751
2026-08-21 17:29:33,287|line:964| *#*#*#*#*#*#*#*#*#*原动态处理失败*#*#*#*#*#*#*#*#*#
2026-08-21 17:29:33,288|line:950| https://t.bilibili.com/1238158815688392720
2026-08-21 17:29:35,632|line:345| -352
2026-08-21 17:29:37,970|line:345| -352
2026-08-21 17:29:42,313|line:345| -352
2026-08-21 17:29:46,619|line:345| -352
2026-08-21 17:29:49,979|line:345| -352
2026-08-21 17:29:49,980|line:769| ('GET请求失败', 'https://api.bilibili.com/x/polymer/web-dynamic/v1/detail?timezone_offset=-480&id=1238158815688392720&features=itemOpusStyle')
2026-08-21 17:29:49,980|line:770| error line:751
2026-08-21 17:29:49,980|line:964| *#*#*#*#*#*#*#*#*#*原动态处理失败*#*#*#*#*#*#*#*#*#
2026-08-21 17:29:49,981|line:950| https://t.bilibili.com/1238459433381527552
2026-08-21 17:29:49,981|line:952| 已有
2026-08-21 17:29:49,981|line:950| https://t.bilibili.com/1238512519152140293
2026-08-21 17:29:51,541|line:345| -352
2026-08-21 17:29:54,959|line:345| -352
2026-08-21 17:29:56,317|line:345| -352
2026-08-21 17:29:58,746|line:345| -352
2026-08-21 17:30:00,099|line:345| -352
2026-08-21 17:30:00,099|line:769| ('GET请求失败', 'https://api.bilibili.com/x/polymer/web-dynamic/v1/detail?timezone_offset=-480&id=1238512519152140293&features=itemOpusStyle')
2026-08-21 17:30:00,099|line:770| error line:751
2026-08-21 17:30:00,100|line:964| *#*#*#*#*#*#*#*#*#*原动态处理失败*#*#*#*#*#*#*#*#*#
2026-08-21 17:30:00,100|line:950| https://t.bilibili.com/1238490709340717060
2026-08-21 17:30:01,467|line:345| -352
2026-08-21 17:30:04,854|line:345| -352
2026-08-21 17:30:09,285|line:758| =========此为子动态=========
2026-08-21 17:30:13,088|line:824| *************原动态处理开始***************
2026-08-21 17:30:19,847|line:909| 转发成功 1239076671683821572
2026-08-21 17:30:23,553|line:925| 评论发送成功
2026-08-21 17:30:26,028|line:859| 1863894913 === 已经关注了
2026-08-21 17:30:29,355|line:934| 动态-点赞 OK
2026-08-21 17:30:29,355|line:831| *************原动态处理完成***************
2026-08-21 17:30:29,355|line:784| *********子动态开始*********
2026-08-21 17:30:37,282|line:800| 恢复子动态 1238476956810346512
2026-08-21 17:30:48,587|line:909| 转发成功 1239076796278767619
2026-08-21 17:30:51,985|line:925| 评论发送成功
2026-08-21 17:31:00,682|line:859| 346469145 === 已经关注了
2026-08-21 17:31:00,682|line:809| ----完成一个子动态----
2026-08-21 17:31:05,135|line:800| 恢复子动态 1238189142468198465
2026-08-21 17:31:16,413|line:909| 转发成功 1239076916538900482
2026-08-21 17:31:19,815|line:925| 评论发送成功
2026-08-21 17:31:26,583|line:859| 480520643 === 已经关注了
2026-08-21 17:31:26,583|line:809| ----完成一个子动态----
2026-08-21 17:31:29,085|line:800| 恢复子动态 1238923349925560327
2026-08-21 17:31:38,321|line:909| 转发成功 1239077010999869442
2026-08-21 17:31:41,771|line:925| 评论发送成功
2026-08-21 17:31:49,531|line:859| 623410202 === 已经关注了
2026-08-21 17:31:49,531|line:809| ----完成一个子动态----
2026-08-21 17:31:51,208|line:800| 恢复子动态 1238490709340717060
2026-08-21 17:31:58,440|line:909| 转发成功 1239077096923332633
2026-08-21 17:32:01,863|line:925| 评论发送成功
2026-08-21 17:32:08,564|line:859| 397664175 === 已经关注了
2026-08-21 17:32:08,564|line:809| ----完成一个子动态----
2026-08-21 17:32:08,564|line:814| *********子动态结束*********
2026-08-21 17:32:10,565|line:950| https://t.bilibili.com/1238452892106489859
2026-08-21 17:32:10,565|line:952| 已有
2026-08-21 17:32:10,565|line:950| https://t.bilibili.com/1238454172004646914
2026-08-21 17:32:10,565|line:952| 已有
2026-08-21 17:32:10,565|line:950| https://t.bilibili.com/1238461911543054371
2026-08-21 17:32:10,565|line:952| 已有
2026-08-21 17:32:10,565|line:950| https://t.bilibili.com/1238465854342955058
2026-08-21 17:32:10,565|line:952| 已有
2026-08-21 17:32:10,565|line:950| https://t.bilibili.com/1238476956810346512
2026-08-21 17:32:10,565|line:952| 已有
2026-08-21 17:32:10,565|line:950| https://t.bilibili.com/1238480392790474760
2026-08-21 17:32:10,565|line:952| 已有
2026-08-21 17:32:10,565|line:950| https://t.bilibili.com/1238276905859285025
2026-08-21 17:32:12,907|line:957| 官方 或 预约 OUT！
2026-08-21 17:32:12,907|line:950| https://t.bilibili.com/1238276811318624265
2026-08-21 17:32:14,609|line:763| =========此为源动态=========
2026-08-21 17:32:14,609|line:784| *********子动态开始*********
2026-08-21 17:32:24,897|line:814| *********子动态结束*********
2026-08-21 17:32:24,897|line:968| -=-=-=-=处理回最初的动态-=-=-=-=
2026-08-21 17:32:34,169|line:909| 转发成功 1239077251546349573
2026-08-21 17:32:37,620|line:925| 评论发送成功
2026-08-21 17:32:39,031|line:859| 100680137 === 已经关注了
2026-08-21 17:32:42,396|line:934| 动态-点赞 OK
2026-08-21 17:32:43,397|line:983| 执行结束
2026-08-21 17:32:43,397|line:988| 执行失败，错误数量为40
2026-08-21 17:32:43,397|line:990| ==================================================2026-08-22 01:32==================================================
2026-08-21 17:32:46,784|line:1010| ('reply: ', '榄菊官方', '[给心心]')
2026-08-21 17:32:46,784|line:1010| ('reply: ', '吓死我啦芙莱', '并不是')
2026-08-21 17:32:46,784|line:1010| ('reply: ', '花生十三-公考行测', '68')
2026-08-21 17:32:46,784|line:1010| ('reply: ', '三鹿七茸猫尾巴', '[夏诺雅表情包_？？？]')
2026-08-21 17:32:46,784|line:1010| ('reply: ', '小闪闪bling', 'hhh腾子买库洛让我感觉他自己有点不太想出大世界了')
2026-08-21 17:32:46,784|line:1010| ('reply: ', 'M4LMG-布洛妮娅', '不是，这……')
2026-08-21 17:32:46,784|line:1010| ('reply: ', '好像都是一个人', '你在说什么')
2026-08-21 17:32:46,784|line:1010| ('reply: ', '目标咨询', '太宠粉了啊')
2026-08-21 17:32:46,784|line:1010| ('reply: ', '数玩工场', '祝你成功')
2026-08-21 17:32:46,784|line:1010| ('reply: ', '益家有小佰', '恭喜宝子，获得小电视月度会员1份和克刻冰冰猴喉糖随机口味1份～记得私信小佰提供信息哦~')
2026-08-21 17:32:46,784|line:1010| ('reply: ', '圆环之理-Madoka', '是的')
2026-08-21 17:32:46,784|line:1010| ('reply: ', '兰的三姨', '这就是银河巨星的实力！')
2026-08-21 17:32:46,784|line:1010| ('reply: ', '花园百合铃音', '有男不玩，我只吃麻辣火锅，xxn滚[吃瓜]')
2026-08-21 17:32:46,785|line:1010| ('reply: ', '是绝赞的阿鬼', '[tv_难过]')
2026-08-21 17:32:46,785|line:1010| ('reply: ', '桃稚不幼稚', '还行')
2026-08-21 17:32:46,785|line:1010| ('reply: ', '陌罔子吖', '佬，这个报名有啥条件不。最近太非了，想下次报来抽[脱单doge][脱单doge][脱单doge]')
2026-08-21 17:32:46,785|line:1010| ('reply: ', '太二酸菜鱼', '恭喜成为本期欧皇[打call]获得【肥龙联名显眼包】1份，在收到本信息的两天内回复哥的私信哦~逾期哥就自己收啦！[脱单doge]')
2026-08-21 17:32:46,785|line:1010| ('reply: ', '得一想二的松鼠', '中奖分我一半')
2026-08-21 17:32:46,785|line:1010| ('reply: ', '佑凉Uriyoo', '谢谢！！！[UP_24967030_感恩]')
2026-08-21 17:32:46,785|line:1010| ('reply: ', '岛莓祁', '好耶')
2026-08-21 17:32:50,130|line:1019| ('at: ', '电脑报', '恭喜@小小Shaun UID：1090970340，@-叶晓吖  UID：22437099  获得 【电竞大礼包】1份， 请在三日内私信我')
2026-08-21 17:32:50,131|line:1019| ('at: ', '联想拯救者官方', '是我喜欢的奖品名单 直接开奖 上 趁现在没人偷摸开个奖 恭喜这些小伙伴 【拯救者7.1声卡H7游戏耳机】获奖名单 @泪水打湿猪脚饭o @xoomoon @小小Shaun @T山海连云T @超超超超薄脆饼干 @BerboomC 【拯救者C140氮化镓适配器】获奖名单 @改个天凉好个秋 @夜猫子牙不好 @LLL好久不见 @林殇倾慕婉 @今天也要拥抱微风 @洳不及我万一 @胜利の天平 【白金独角兽电竞鼠标】获奖名单 @底片上的诗旅人 【拯救者C170氮化镓适配器】获奖名单 @麦當劳无限好 @無名丶の辈 @任性的提莫 @广东有暖风 由于B站私信规则修改 我会私信中奖的小伙伴一条消息，还请注意查收并回复我您的收货地址与联系方式，奖品基本会在私信您信息后的三十个工作日内发货')
2026-08-21 17:32:50,131|line:1019| ('at: ', 'Apexgaming艾湃电竞', '恭喜 @小小Shaun 获得饮料一份，三天内联系我，过时不候！')
2026-08-21 17:32:50,131|line:1019| ('at: ', '梦_水晶花', '1 @浪子游2fans6@被_____打下来的飞机@拉斯特臣后面一个点@专心致志的学生@猫猫头OmMeow@小小Shaun@龐門左道@啦啦痴痴腻@bili_66938050009@日月星辰668')
2026-08-21 17:32:50,131|line:1019| ('at: ', 'iKF蓝牙耳机', '恭喜@小小Shaun 宝子成为苏泊尔福利动态幸运儿！\n注意：即日起72小时内回复信息确认领奖哦！逾期将自动视为放弃中奖资格。\n没有中奖的宝子们不要气馁，参与一下下置顶视频iKF Mars，增加欧气值，说不定下个幸运儿就是你！\n链接：\nhttps://www.bilibili.com/video/BV1Soo6YLEHZ/?spm_id_from=333.1387.list.card_archive.click&vd_source=21fb0967ccc75e6b3b2447ade2c740dd\n还没参与抽奖的宝子们，赶紧点击上方链接参与吧！还有特别福利惊喜等你哦~')
2026-08-21 17:32:50,131|line:1019| ('at: ', 'wellymerck威利默克', '恭喜@小小Shaun\xa0 获得《我是你的小狗3 永远等你回家》1本，请于5天内联系威宝，凭关注+互动截图领取奖品，逾期作废~')
2026-08-21 17:32:50,131|line:1019| ('at: ', '宁美NINGMEI', '恭喜@小小Shaun   中奖，请在12月1日24点前私信我：1. 奖品+中奖信息a. 实物奖：姓名电话地址，给文字！省市区路清晰，提交不清晰不发奖，信息错误致无法签收，概不负责；\n\nb. 现金红包给到支付宝实名+账号；\n\nc. 京东卡/猫超卡 等购物卡给到姓名+电话；2. 宁美和品牌方关注截图+转发截图！\n\n必须关注品牌方，否则奖品不予发放；如遇无法私信图片的情况，等待我回复后即可发送图片。PS： \n\n因后台收信有时会出问题，以回复“已登记”为准，没有回复即表示私信未收到。\n\n过期视为自动放弃，不会补发；奖品30个工作日内发送，勿催哦~\n\n不发全，不回复。其他小伙伴请继续努力！')
2026-08-21 17:32:50,131|line:1019| ('at: ', '爱玛电动车官方账号', '#一“玛”当先榜# 快来看看10月都是谁和爱玛酱互动最多呀~ 💕恭喜@小小Shaun 和@甘瑞凯拉莎 排行第一！这两位小玛达将会获得【爱玛随机周边×1】，请5天内私信爱玛酱领奖哟~[鼓掌] 以后也请继续单推我无敌可爱美少女爱玛酱呀嘿嘿！(●´З｀●)')
2026-08-21 17:32:50,131|line:1019| ('at: ', '爱玛电动车官方账号', '')
2026-08-21 17:32:50,131|line:1019| ('at: ', '海露滴眼液', '互动榜出炉啦')
2026-08-21 17:32:50,131|line:1019| ('at: ', '和蔼可亲桃白白', '\u200b//@九号公司:\u200b恭喜@小小Shaun 中奖！后续记得查收私信哟～\u200b//@九号公司:#互动抽奖# 谢谢粒粒的复工礼！小九也来加个码~关注【@微粒贷+@九号公司 】并转发该动态，抽一位小可爱获得【100元京东卡】~ #供电局福利社# 10月31日抽出！')
2026-08-21 17:32:50,131|line:1019| ('at: ', '望大家身体健康快乐', '\u200b//@九号公司:\u200b恭喜@小小Shaun 中奖！后续记得查收私信哟～\u200b//@九号公司 :#互动抽奖# 谢谢粒粒的复工礼！小九也来加个码~关注【@微粒贷+@九号公司 】并转发该动态，抽一位小可爱获得【100元京东卡】~ #供电局福利社# 10月31日抽出！')
2026-08-21 17:32:50,131|line:1019| ('at: ', 'MoMA_Reona', '//@九号公司:\u200b恭喜@小小Shaun 中奖！后续记得查收私信哟～\u200b//@九号公司:#互动抽奖# 谢谢粒粒的复工礼！小九也来加个码~关注【@微粒贷+@九号公司 】并转发该动态，抽一位小可爱获得【100元京东卡】~ #供电局福利社# 10月31日抽出！')
2026-08-21 17:32:50,131|line:1019| ('at: ', '摸鱼二队', '\u200b//@九号公司:\u200b恭喜@小小Shaun 中奖！后续记得查收私信哟～\u200b//@九号公司 :#互动抽奖# 谢谢粒粒的复工礼！小九也来加个码~关注【@微粒贷+@九号公司 】并转发该动态，抽一位小可爱获得【100元京东卡】~ #供电局福利社# 10月31日抽出！')
2026-08-21 17:32:50,131|line:1019| ('at: ', '文少嘅一些事一些情', '\u200b//@九号公司:\u200b恭喜@小小Shaun 中奖！后续记得查收私信哟～\u200b//@九号公司 :#互动抽奖# 谢谢粒粒的复工礼！小九也来加个码~关注【@微粒贷+@九号公司 】并转发该动态，抽一位小可爱获得【100元京东卡】~ #供电局福利社# 10月31日抽出！')
2026-08-21 17:32:50,131|line:1019| ('at: ', 'Carry队友的嘟嘟酱丶', '\u200b//@九号公司:\u200b恭喜@小小Shaun 中奖！后续记得查收私信哟～\u200b//@九号公司 :#互动抽奖# 谢谢粒粒的复工礼！小九也来加个码~关注【@微粒贷+@九号公司 】并转发该动态，抽一位小可爱获得【100元京东卡】~ #供电局福利社# 10月31日抽出！')
2026-08-21 17:32:50,132|line:1019| ('at: ', '蛤蟆zero', '//@九号公司:\u200b恭喜@小小Shaun 中奖！后续记得查收私信哟～\u200b//@九号公司:#互动抽奖# 谢谢粒粒的复工礼！小九也来加个码~关注【@微粒贷+@九号公司 】并转发该动态，抽一位小可爱获得【100元京东卡】~ #供电局福利社# 10月31日抽出！c冲冲冲')
2026-08-21 17:32:50,132|line:1019| ('at: ', '木而各子要吃笃栗子', '\u200b//@九号公司:\u200b恭喜@小小Shaun 中奖！后续记得查收私信哟～\u200b//@九号公司 :#互动抽奖# 谢谢粒粒的复工礼！小九也来加个码~关注【@微粒贷+@九号公司 】并转发该动态，抽一位小可爱获得【100元京东卡】~ #供电局福利社# 10月31日抽出！')
2026-08-21 17:32:50,132|line:1019| ('at: ', '裙下愚臣情默默', '\u200b//@九号公司:\u200b恭喜@小小Shaun 中奖！后续记得查收私信哟～\u200b//@九号公司 :#互动抽奖# 谢谢粒粒的复工礼！小九也来加个码~关注【@微粒贷+@九号公司 】并转发该动态，抽一位小可爱获得【100元京东卡】~ #供电局福利社# 10月31日抽出！')
2026-08-21 17:32:50,132|line:1019| ('at: ', '戊子毕宿', '')
